Title	Rate	Price	Merchant	ProductUrl	ImageUrl	Description
Foooomx Prediksi	0	200000	Foom Gallery	https://ta.tokopedia.com/promo/v1/clicks/8a-xgVY2gmUEHsnf6_ehoAeabm-xgVY789CBUsthbm-Orfua9fBjUstiHmUDUSz2Q31i6sJRHAn7HpKfo_KDUMoFyaUE6_nFbm-FQRo2PcB5QiUEoZFiy3hSUstiyfV7g3P5rSBwySBwrI-5gIusPmUDUMNOQ3-BrBY5gBYxgIHi6sJObm-XP3Oig9-wy3zp9R-BrZUEH_1DUMoxPVY2gIHi6BDfoZFaomFpHA179ZFiQBYsy3Njq3zxPcuwy3zpUsthoAnDUMVi9RzBrRei6i-6UiFircYpPVYxQcri6i-jg3yibm-fg9-pq3YXUstiPsUibm-xgVYpyfYagZUEHpyObsyO6AyhHpr7H_UFo_eDUSHp9fh5gaUEUMuNZM2jZJ2M33NGPMep_Mh-qMY2_1H7HjOE3_u6zJja_S2u8JN1qRBo8B1pZ3BRqujp1SByH7ND3uxGqMVAZ_g-qBVN_c2SH1NEz_CoqMrh_S2VHJOkgpV6e7BpZ3O7QcuygIgsQu-Myp-6PMoWu3Bvq1BRZ3BRq3-W69ugHBu2_fB-HBB1Z9Bo8MhW3uHFHO2W1_oHuV-03320PVB1ypz68_na_OP-8u2k_M2qu7jp3jPoq1hAZSgsQ3hXyurOgB2IuSPyHMh0Z325q1OAZ9o-Q_BNyuPjrc-D69PsQ_B0gVP6HVKaQcW-qMY2_1o-r7BW69BxufzFyMFN8MVI69PyHMh0Z325q1OAZ9o-Qjyh3BxGouKp1MxqH7O2_fBGgjOk1MgozsxR3I2mgBxEeMgozsxR3I2Cq1hAZS2gHsBN3ByNq3oW6_osHBu2_fB-8jNku9u6qB17_M2V8jNE19xoqjJh_jo-r7BX_M2iH72D3Ao6QVByZM2xe7jfZ32g8jN2oAz6zJBE_OzsH7O1qpu6qBuNZ3dFvZUDUMoDP9o7g9-wq3zwPsUi6s1hHsrFbm-FrMBsguYiq3ei6sjFHmFigfYxQVY2gmUEHR7?ob=5&management_type=1&r=https%3A%2F%2Fwww.tokopedia.com%2Ffoomgallery%2Ffoooomx-prediksi%3Fsrc%3Dtopads&page=1&t=desktop&src=directory&pub_unit=0&pub_domain=0&dv=desktop&pub_id=0	https://images.tokopedia.net/img/cache/200-square/VqbcmM/2023/10/31/f4d50c97-ab61-4641-9f99-ac0a4b5d2f3c.jpg.webp?ect=4g	
itel A70 3/4+128GB - 13MP Super HDR Cam  - 5000mAh Battery - Octa-Core	0	999000	Itel Official Store	https://ta.tokopedia.com/promo/v1/clicks/8a-xgVY2gmUEHsndHsyFHsJfbm-xgVY789CBUsthbm-Orfua9fBjUstiHmUDUSz2Q31i6sJRHAn7HpKfo_KDUMoFyaUEHp1FHmFircYpq9z2Qfdi6sUDUMVDgaUEUMoxPcuSQR-N9f-N9RCaQfzOyReibm-XP3Oig9-wQfgwy3zpUsthoZFiQSuWyMua9fVjrOYag9Ji6sJObm-sy9zwq3zpUs2Qos1DHseDHpnOoV7DUMNwyfVXgcBjy9zB9fVjraUEH_eFbm-xyBY7g9o7Usti_iUDUSC5rRzwy3hSUstigcuMUiFiPMuarfB5QiUEUSyaUiFiy3zwrfo5rM1i6sHRHZdf6_JfosHfosUf6AUpbm-pHOYDQfri6i-B812kgJxGgBBXZSgjH7NDZ325q1O2oI26qjOR_BzCHJYJ_926uJuN_92uHJB2PfBgHO-N3Ao6QVByZM2xe7jfZ32VoJhkZ_CvzJ1p_BzVoJOk1_zoucHh_3B-r7BWPchB3czfyfOZgMHa_SgsQuu2_fB-P7B2PfBiQ_BO3_-uq1Y2Z_-guJBN_92DQuB_HAoqQuJp_VzZqOBkqRzgucH7_SjFHjY9Z9BqqjNk3BP-HO2I_3BHe72fyfODQMV9o3gqzOgR3A-Dq7BkQfBoe7BpZ37N83V9gICiQABRyf7Nqfz9_sCyHMh0Z325q1OAZ9o-Q_BNyuPjrc-D692xzpBR3A-Dq7BkQfBoe7BpZ3NcHu2yZsuyHO-t3sooq1Y2ZMgoqB-M_1ydPOxEeMgy8j-M_1ydPOxEe3BHe72E3_UN8u2363BsQ_jpyp-uq1Y2Z9268juO_M208JNk3926qBBN_M2S81ONZ9o-QjNkysoGQVKp_Mhg3J2ky1o-ojBkz9P68MoO_7zuP7OJqpCvzJJF_32CHjN_Zsjibm-sQIupPcua9fBj9RyaUstaHAnObm-FrMBsguYiq3ei6sHOHAnDUMP5y3hwq3ei6soY?src=directory&pub_id=0&page=1&ob=5&management_type=1&t=desktop&dv=desktop&pub_domain=0&r=https%3A%2F%2Fwww.tokopedia.com%2Fitelofficialstore%2Fitel-a70-3-4-128gb-13mp-super-hdr-cam-5000mah-battery-octa-core-hitam-3-128gb-6c023%3Fsrc%3Dtopads&pub_unit=0	https://images.tokopedia.net/img/cache/200-square/VqbcmM/2023/11/9/8d76424f-681a-4a56-a7a6-486131f69564.png.webp?ect=4g	
Itel S23 PLUS 8/256 GB Garansi Resmi 100% NEW	0	2299000	ALL_SHOPE99	https://ta.tokopedia.com/promo/v1/clicks/8a-xgVY2gmUEHsnOoAefoAKpbm-xgVY789CBUsthbm-Orfua9fBjUstiHmUDUSz2Q31i6sJRHAn7HpKfo_KDUMoFyaUEH_rFHmFircYpq9z2Qfdi6sHDUMVDgaUEUMoxPcuSQR-N9f-N9RCaQfzOyReibm-XP3Oig9-wQfgwy3zpUsthoZFiQSuWyMua9fVjrOYag9Ji6sJObm-sy9zwq3zpUs2Qos1DHseDHpnOoV7DUMNwyfVXgcBjy9zB9fVjraUEH_eFbm-xyBY7g9o7Usti_iUDUSC5rRzwy3hSUstigcuMUiFiPMuarfB5QiUEUSyaUiFiy3zwrfo5rM1i6sHOHidFoAnaH_1a6A17oA17oaFirpowQcYSUstig9BGqMzUZMggQj2fgAo6QJBkQfBoe7BpZ3O6HcoD692qu7gN3_-Sq1Y2Z9P-q9P2y_-3o3ea69BqzsBE3_UN8u2_Z_g-qjV2_JoGP3Uao32q17jfZ32qqJOkZ92vuO2t_VzjQu2JyRz6zO-2_OHhqJNEgpoHuVjO332GQ17a_MhgqMz039B-r7BW69BxufzFyMFNqO2yeMgxuOV2_fB-P7B2PfBiH72F3s-DPuKpeSBiHBUh3_oZgMV913Bvq1BRZ3BRq3UpZSCqHMhO3Ao6QfUpeMgxuOV2_fB-P7B2PfBs3VgDyfNDgMzIzMNs81jfZ3Fd81Nc6IPy8j-M_1yNgjOc6IPy8j-M_1o-r7BX_M2iH72D3A-G83UpgI2q17jfZ32oH1O2oIP6zJVN_uzu81YJu_C6zV1F_SB-r7BX_M2iH72D3Ao6QVByZM2xe7jfZ32sP7N2oAV6zVuN_1zS81OEqRx6qj7OZ3dFvZUDUMoDP9o7g9-wq3zwPsUi6sUOosJ7bm-FrMBsguYiq3ei6sJRHAnDUMP5y3hwq3ei6soY?t=desktop&src=directory&management_type=1&pub_id=0&ob=5&r=https%3A%2F%2Fwww.tokopedia.com%2Fallshope99%2Fitel-s23-plus-8-256-gb-garansi-resmi-100-new-biru-adepter-8-256-80195%3Fsrc%3Dtopads&dv=desktop&pub_unit=0&pub_domain=0&page=1	https://images.tokopedia.net/img/cache/200-square/VqbcmM/2023/10/26/21fdb62d-9ec8-45e8-bb28-32bf4c01541c.jpg.webp?ect=4g	
Samsung Galaxy S23 FE Online Exclusive 8/256GB	0	9999000	Samsung Exclusive Official Store	https://ta.tokopedia.com/promo/v1/clicks/8a-xgVY2gmUEHsnOoAeOoA17bm-xgVY789CBUsthbm-Orfua9fBjUstiHmUDUSz2Q31i6sJRHAn7HpKfo_KDUMoFyaUEH_HFHmFircYpq9z2Qfdi6seDUMVDgaUEUMoxPcuSQR-N9f-N9RCaQfzOyReibm-XP3Oig9-wQfgwy3zpUsthoZFiQSuWyMua9fVjrOYag9Ji6sJObm-sy9zwq3zpUs2Qos1DHseDHpnOoV7DUMNwyfVXgcBjy9zB9fVjraUEH_eFbm-xyBY7g9o7Usti_iUDUSC5rRzwy3hSUstigcuMUiFiPMuarfB5QiUEUSyaUiFiy3zwrfo5rM1i6sHa6mdhop1FHsea6_ndopnObm-pHOYDQfri6i-B812kgJxGgBBXZSgjH7NDZ325q1O_oIBo8BJh_M2so1OJz9Bo8BJh_M2soJB2PfBgHO-N3Ao6QVByZM2xe7jfZ320P1OJqRPvuJJO_1z0P7Y1e_uozcWNZ3BRq3JausujHsBN3jyN8Bja69Bq17jfZ32Cq1hAZSuiHsuk3Bo-ojBk3MxoqjBE_OPqqJh1gcOqzco7_jPZq1Y_H3x68Mrp_VzgouBkZMOoHjND332jqOBNZ9o-Q_BNyuPjrc-D63Wq3J-MyuPzq1Y2Z9P-q9P2ysoGrVtaQIuyH7-Nys-ZHujp1MgxuOV2_fB-P7B2PfBiH72F3s-DPuKp_MYiH7-MyuPzq1Y2Z9P-q9P2yOx3QcoXQcgjz7gXyRB-ojBD6IB6zsxR3I2mgjOc63gozsxR3I2mgjOAZ9o-QjNkysoGQVKaZSBiHfzE3Bo-ojBk_9Bvepzd_S2uP7Ok19BvuJJ7_S2CH1B2PfBsHjNfyfO3gMHauMxsQ1N5Z325q1NkqpoHqjuE_Oz-oJNJu9xo8Bjp_3BG6ZUDUMoDP9o7g9-wq3zwPsUi6sHhosjfbm-FrMBsguYiq3ei6sJpHAnDUMP5y3hwq3ei6soY?r=https%3A%2F%2Fwww.tokopedia.com%2Fsamsungexclusivestore%2Fsamsung-galaxy-s23-fe-online-exclusive-8-256gb%3Fsrc%3Dtopads&management_type=1&pub_unit=0&page=1&dv=desktop&src=directory&pub_id=0&pub_domain=0&t=desktop&ob=5	https://images.tokopedia.net/img/cache/200-square/VqbcmM/2023/11/1/706b2ff3-958f-4330-8427-d5d508491726.jpg.webp?ect=4g	
RÈLX Infinity Sky Blush Bundling / Starter Pack Siap Pakai	0	270000	RELX Gallery	https://ta.tokopedia.com/promo/v1/clicks/8a-xgVY2gmUEH_jhHsnRoprabm-xgVY789CBUsthbm-Orfua9fBjUstiHmUDUSz2Q31i6sJRHAn7HpKfo_KDUMoFyaUEH_nFHmFircYpq9z2Qfdi6sJDUMVDgaUEUMoxPmUDUMNOQ3-BrBY5gBYxgIHi6sJObm-XP3Oig9-wy3zp9R-BrZUEH_1DUMoxPVY2gIHi6BDfoZFaomFpHA179ZFiQBYsy3Njq3zxPcuwy3zpUsthoAnDUMVi9RzBrRei6i-6UiFircYpPVYxQcri6i-jg3yibm-fg9-pq3YXUstiPsUibm-xgVYpyfYagZUEHpUNbs1OoAHNHpjOHsrho_j7bm-pHOYDQfri6i-B812kgJxGgBBXZSgjH7NDZ325q1YAoI2o8jOE_92o8jOE_92o8jOE_92-q1hAZM2jZJ2Myp-3qcoW_MY-qMY2_1o-r7BWPchB3czfyfOZgMHa_SgsQuu2_fB-P7B2PfBiQ_BO3_-uq1Y2Z_-guJBN_92DQuB_HAoqQuJp_VzZqOBkqRzgucH7_SjFHjY9Z9BqqjNk3BP-HO2I_3BHe72fyfODQMV9o3gqzOgR3A-Dq7BkQfBoe7BpZ37N83V9gICiQABRyf7Nqfz9_sCyHMh0Z325q1OAZ9o-Q_BNyuPjrc-D692xzpBR3A-Dq7BkQfBoe7BpZ3NcHu2yZsuyHO-t3sooq1Y2ZMgoqB-M_1ydPOxEeMgy8j-M_1ydPOxEe3BHe72E3_UN8u2363BsQ_jpyp-uq1Y2Z92oqMWO_BzuHJOEqR2vuVuN_S2VH1Y113BHe72E3_UN8u23692qu7gN3_-Sq1Y2Z_C6zVBO_jzu8jN1Z_VozJ77_jzVP7O1_3BM1_7YUiFiyfhOrRzBrBY2gVYfHiUEHprf6AKDUSCaq3oB9f-2gmUEH_nFHmFigfYxQVY2gmUEHR7?pub_unit=0&r=https%3A%2F%2Fwww.tokopedia.com%2Frelxgallery%2Fr-lx-infinity-sky-blush-bundling-starter-pack-siap-pakai-crisp-apple-8d47e%3Fsrc%3Dtopads&management_type=1&t=desktop&page=1&pub_id=0&dv=desktop&pub_domain=0&ob=5&src=directory	https://images.tokopedia.net/img/cache/200-square/VqbcmM/2023/4/25/76a93372-3cf9-497a-8aac-3fe6ca0ae9e7.jpg.webp?ect=4g	
Xiaomi NEW Redmi 9 4/64 GB Garansi Toko	4.9	1099000	TOKONIK GADGET	https://www.tokopedia.com/tokonikgadget/xiaomi-new-redmi-9-4-64-gb-garansi-toko-lunar-gold-3-32-6f4ed?extParam=ivf%3Dfalse	https://images.tokopedia.net/img/cache/200-square/VqbcmM/2023/10/17/651126f8-ee71-43fd-95c8-165d0ca2c34e.jpg.webp?ect=4g	"8MP Lensa ultra wide-angle13MP lensa wide-angle2MP Sensor Depth5MP lensa makroPERLUAS WAWASAN ANDALayar Full HD Dot Drop Display 6.53""dengan resolusi 2340x1080 layar depan dilengkapi corning Gorila Glass 3 memastikan pengalaman visual yang mendalam dan memberikan pandangan yang jelas tentang dunia di sekitar Anda.LEBIH BANYAK KEUNGGULAN YANG DAPAT ANDA NIKMATIKinerja yang kuat & stabil dengan prosesor Helio G80, CPU Octa-Core Up To 2.0 GHz multitasking yang lancar dan pengalaman audiovisual dan game yang brilian.PENGISIAN DAYA CEPAT, BATERAI BESAR, TIDAK PERNAH TAKUT KEHABISAN DAYADengan kapasitas baterai 5020mAh seperti powerbank dan teknologi fast charging 18W, Anda dapat menghabiskan waktu untuk menonton film, bermain game, atau menelepon, memberikan daya tahan yang Anda butuhkan.TIGA PILIHAN WARNAPilih Sesuai GayamuCarbon Grey, Ocean Green, Sunset PurpleFitur detil yang membuat pengguna lebih nyaman:2+1 SIM SlotOS : Android 10 / MIUI 11Bluetooth 5.0Mikrofon dengan peredam suara bising3.5 mm Headphone jackIR remote untuk kontrol peralatan rumah andaKonektor USB type-C yang dapat dibalik""""                                                        warranty 15 months                                         SpesifikasiRAM : 3GB / 4GBKapasitas Penyimpanan : 32GB / 64GBWarna : Carbon Grey, Ocean Green, Sunset PurpleTampilan Layar6.53"""" FHD + Dot Drop DisplayLayar Depan Gorilla Glass 32340x1080, 1500:1 Color Contrast RatioPerformaChipset:  Mediatek Helio G80CPU : Octa-core CPU, up to 2.0 GHzLPDDR4X RAM, eMMC 5.1 storageKameraKamera Belakang : 8MP Lensa ultra wide-angle 13MP lensa wide-angle 2MP Sensor Depth 5MP lensa makro8MP selfie cameraBateraiBattery: 5020mAh (typ) mendukung pengisian cepat 18WKonektivitasUSB : Type-CSIM : 2+1 SIM SlotOS System: Android 10, MIUI 11Jaringan : GSM / WCDMA / LTE Dual 4G Standby"
XIAOMI Mi POCO X3 Pro 6/128GB NFC Snapdragon™ 860 48MP 5160mAh	4.9	1799000	TOKONIK GADGET	https://www.tokopedia.com/tokonikgadget/xiaomi-mi-poco-x3-pro-6-128gb-nfc-snapdragon-860-48mp-5160mah-metal-bronze-8-256-2b7bc?extParam=ivf%3Dfalse	https://images.tokopedia.net/img/cache/200-square/VqbcmM/2022/9/19/84d924f6-3b2c-4113-8a5e-9fa4fd04f510.png.webp?ect=4g	Kondisi SECOND-BATANGAN, GARANSI TOKO 45 HARIPOCO X3 Pro memiliki teknologi memori UFS 3.1 yang ditingkatkan, POCO X3 Pro menawarkan kecepatan baca dan tulis yang tajam. POCO X3 Pro menggunakan Teknologi LiquidCool 1.0 Plus.POCO X3 Pro memiliki Rasio refresh rate 120Hz. Pada refresh rate layar tinggi 120Hz, kamu tidak akan pernah tertinggal. Nikmati gerakan lancar yang mulus dalam game penuh aksi dan tetap menjadi yang terdepan dalam persaingan.POCO X3 Pro dilengkapi dengan Corning® Gorilla® Glass 6 Tahan jatuh dari ketinggian hingga 1,6m ke permukaan yang keras dan kasar. Peningkatan ketahanan gores Peningkatan hingga 2x dibandingkan dengan aluminosilikat alternatif*.POCO X3 Pro memiliki Baterai 5160mAh. 11 jam bermain game, 18 jam perekaman video, 110 jam pemutaran musik*. Pengisian daya cepat 33W Dengan pengisian daya cepat 33W, POCO X3 Pro dapat dihidupkan dengan cepat, memastikan bahwa kamu selalu siap sedia. Jangan biarkan pengisian daya yang lambat memperlambat kamu! 30 menit untuk isi daya hingga 59%, 50 menit untuk isi daya hingga 100%.POCO X3 Pro juga dilengkapi dengan NFC*, IR Blaster, IP53, 3,5mm headphone jack.SpesifikasiPenyimpanan & RAM6+128GB/ 8+256GBLPDDR4X+UFS 3.1*Penyimpanan dan RAM yang tersedia lebih sedikit dari total memori dikarenakan penyimpanan operasi sistem dan pra-instal software di perangkat.*Konfigurasi yang tersedia bervariasi antar daerah.DimensiTinggi: 165,3 mmLebar: 76,8 mmKetebalan: 9,4 mmBerat: 215gKamera Depan20MP kamera depan dalam layar f/2.2 1,6μm piksel besar (4-in-1)Fitur Video & FotografiMode malamDual videoJaringan NirkabelWi-Fi 5Mendukung 2,4GHz Wi-Fi/5GHz Wi-FiBluetooth 5.0SensorSensor jarak | Sensor cahaya sekitar | Akselerometer | Giroskop | Kompas elektronik | Motor getaran | IR blasterSistem operasiMIUI 12 berbasis POCOIsi Paket PembelianPOCO X3 Pro
Xiaomi Redmi 9A 2/32 ~ 3/32 GB Garansi Resmi , IMEI Terdaftar	5	1299000	duniagadgetku	https://www.tokopedia.com/duniagadgetku/xiaomi-redmi-9a-2-32-3-32-gb-garansi-resmi-imei-terdaftar-2-32-promo?extParam=ivf%3Dtrue	https://images.tokopedia.net/img/cache/200-square/VqbcmM/2022/9/13/ba15bb33-1dfc-46c6-ad3e-708c9c446dbe.jpg.webp?ect=4g	Garansi Resmi Xiaomi IndonesiaIMEI terdaftar2GB 32GB ~ Ram 2 GB Internal 32 GB3GB 32 GB ~ Ram 3 GB Internal 32 GB NETWORK Technology GSM / HSPA / LTELAUNCH Announced 2020, June 30Status Available. Released 2020, July 07BODY Dimensions 164.9 x 77 x 9 mm (6.49 x 3.03 x 0.35 in)Weight 196 g (6.91 oz)SIM Dual SIM (Nano-SIM, dual stand-by)DISPLAY Type IPS LCD capacitive touchscreen, 16M colorsSize 6.53 inches, 102.9 cm2 (~81.1% screen-to-body ratio)Resolution 720 x 1600 pixels, 20:9 ratio (~269 ppi density)  400 nits typ. brightness (advertised)PLATFORM OS Android 10, MIUI 12Chipset MediaTek Helio G25 (12 nm)CPU Octa-core 2.0 GHz Cortex-A53GPU PowerVR GE8320MEMORY Card slot microSDXC (dedicated slot)Internal 32GB 2GB RAM  eMMC 5.1MAIN CAMERA Single 13 MP, f/2.2, 28mm (wide), PDAFFeatures LED flash, HDRVideo 1080p@30/60fpsSELFIE CAMERA Single 5 MP, f/2.2, (wide), 1.12µmFeatures HDRVideo 1080p@30fpsSOUND Loudspeaker Yes3.5mm jack YesCOMMS WLAN Wi-Fi 802.11 b/g/n, Wi-Fi Direct, hotspotBluetooth 5.0, A2DP, LEGPS Yes, with A-GPS, GLONASS, BDSRadio FM radioUSB microUSB 2.0, USB On-The-GoFEATURES Sensors Accelerometer, proximityBATTERY   Li-Po 5000 mAh, non-removableCharging Charging 10W
Iphone 11 128GB Garansi Resmi TAM / Ibox	5	7200000	igoods gadget	https://www.tokopedia.com/igoodsgadget/iphone-11-128gb-garansi-resmi-tam-ibox-promo-64gb-white?extParam=cmp%3D1%26ivf%3Dfalse	https://images.tokopedia.net/img/cache/200-square/VqbcmM/2023/8/25/7afd2ab5-5cc9-4920-acb8-ac208b9a9b8a.png.webp?ect=4g	Newpack / SlimpackIsi box : Hanya unit dan kabel Type C to lighting (Adaptor dan Earphone belum include)100% Garansi resmi100% Baru dan asli100% Segel asli greenpeel ( no repack)RESMI IMEI terdaftar di kemenperin / kominfo(cek Imei: http://kemenperin•go•id/imei/ )Berlaku claim di semua service centre iboxImei belum aktif / Fresh unitOperasional 11.00 - 19.00- setiap pembelian iphone, bila sudah terkoneksi wifi/sudah di aktifkan dibantu ke apple resminya bila ada kendala, karena itu sudah ketentuan dari apple resminya.Asesoris Lainnya Ditoko iniAdaptor :https://www.tokopedia.com/ptpratamasemesta/apple-power-adapter-20w-usb-c-originalhttps://www.tokopedia.com/ptpratamasemesta/anker-adapter-powerport-iii-nano-20-watt-usb-c-adapter-appleTempred Glass :https://www.tokopedia.com/ptpratamasemesta/lamina-tempered-glass-premium-iphonehttps://www.tokopedia.com/ptpratamasemesta/tempered-glass-premium-spyhttps://www.tokopedia.com/ptpratamasemesta/tempered-glass-full-screen-iphone-11-11pro-11promaxCase :https://www.tokopedia.com/ptpratamasemesta/clear-case-with-magsafehttps://www.tokopedia.com/ptpratamasemesta/case-premium-iphone-11https://www.tokopedia.com/ptpratamasemesta/paket-standar-case-tempered-glassAirpods dan Earphone :https://www.tokopedia.com/ptpratamasemesta/apple-earpods-with-lightning-connector-originalhttps://www.tokopedia.com/ptpratamasemesta/apple-airpods-pro-garansi-ibox-magsafe-chargerAirtag :https://www.tokopedia.com/ptpratamasemesta/apple-airtag
Xiaomi Redmi 10 4/64 GB + 6/128 GB Garansi Resmi	5	1707000	duniagadgetku	https://www.tokopedia.com/duniagadgetku/xiaomi-redmi-10-4-64-gb-6-128-gb-garansi-resmi-6-128-promo?extParam=cmp%3D1%26ivf%3Dtrue	https://images.tokopedia.net/img/cache/200-square/VqbcmM/2022/9/13/1736cc9b-3e70-44fb-ab56-b04cc883af59.jpg.webp?ect=4g	Baru dan Bersegel ~Garansi Resmi Xiaomi Indonesia,IMEI Terdaftar~NETWORK Technology GSM / HSPA / LTELAUNCH Announced 2021, August 18Status Available. Released 2021, August 20BODY Dimensions 162 x 75.5 x 8.9 mm (6.38 x 2.97 x 0.35 in)Weight 181 g (6.38 oz)SIM Dual SIM (Nano-SIM, dual stand-by)DISPLAY Type LCD, 90HzSize 6.5 inches, 102.0 cm2 (~83.4% screen-to-body ratio)Resolution 1080 x 2400 pixels, 20:9 ratio (~405 ppi density)Protection Corning Gorilla Glass 3PLATFORM OS Android 11, MIUI 12.5Chipset MediaTek Helio G88 (12nm)CPU Octa-core (2x2.0 GHz Cortex-A75 & 6x1.8 GHz Cortex-A55)GPU Mali-G52 MC2MEMORY Card slot microSDXC (hybrid)Internal 64GB 4GB RAM, 128GB 4GB RAM, 128GB 6GB RAM  eMMC 5.1MAIN CAMERA Quad 50 MP, f/1.8, (wide), PDAF8 MP, f/2.2, 120˚ (ultrawide)2 MP, f/2.4, (macro)2 MP, f/2.4 (depth)Features LED flash, HDR, panoramaVideo 1080p@30fpsSELFIE CAMERA Single 8 MP, f/2.0, (wide)Video 1080p@30fpsSOUND Loudspeaker Yes, with stereo speakers3.5mm jack Yes  24-bit/192kHz audioCOMMS WLAN Wi-Fi 802.11 a/b/g/n/ac, dual-band, Wi-Fi Direct, hotspotBluetooth 5.1, A2DP, LEGPS Yes, with A-GPS, GLONASS, GALILEO, BDSInfrared port YesRadio FM radioUSB USB Type-C 2.0FEATURES Sensors Fingerprint (side-mounted), accelerometer, proximity, compassBATTERY Type Li-Po 5000 mAh, non-removableCharging Fast charging 18W
Xiaomi NEW Redmi Note 10S 6/128G NFC Layar 6.43” Super AMOLED Smart HP	4.9	2399000	TOKONIK GADGET	https://www.tokopedia.com/tokonikgadget/xiaomi-new-redmi-note-10s-6-128g-nfc-layar-6-43-super-amoled-smart-hp-ocean-blue-8-128-2e1c6?extParam=ivf%3Dfalse	https://images.tokopedia.net/img/cache/200-square/VqbcmM/2023/10/20/fba91ae2-15d5-4eca-8e33-7a0054918fa9.png.webp?ect=4g	Xiaomi Redmi Note 10Swarranty ：45 daysSpesifikasi Produk:Penyimpanan & RAM6GB + 64GB | 6GB+ 128GB | 8GB + 128GBLPDDR4X + UFS 2.2DimensiTinggi: 160,46mmLebar: 74,5mmKetebalan: 8,29mmBerat: 178,8gLayar6.43” Super AMOLED DotDisplayResolusi: 2400x1080 409 PPIRasio kontras: 4.500.000:1Gamut warna: DCI-P3Kecerahan: HBM 700 nit (umum), 1100 nit kecerahan puncak (umum)Warna 8-bitMode baca 3.0Mode sunlight 2.0Cahaya biru rendah bersertifikasi SGSProsesorMediaTek Helio G95CPU: Frekuensi CPU maks 2,05GHzGPU: ARM Mali-G76 MC4Baterai & Pengisian Daya5000mAh (typ)Pengisian daya cepat 33WKamera64MP kamera wide angleUkuran sensor 1/1,97”Ukuran piksel 0,7μmf/1,798MP kamera ultra-wide angleFOV 118°f/2,22MP kamera makrof/2,44K, 3840x2160 pada kecepatan 30fps1080p, 1920x1080 pada kecepatan 60fps1080p, 1920x1080 pada kecepatan 30fpsKamera depan 13MPAI BeautifyMode potret AI dengan bokeh dan kontrol kedalamanFitur video kamera depanTime-lapsePerekaman video depan1080p 1920x1080 pada kecepatan 30fps720p 1280x720 pada kecepatan 30fpsKeamananSensor sidik jari sampingSensor wajahNFCTahan dari Percikan, Air, dan DebuIP53Jaringan & KonektivitasSIM gandaPita jaringan:2G: GSM 850 900 1800 1900MHz3G: WCDMA B1/2/4/5/84G: LTE FDD B1/2/3/4/5/7/8/20/284G: LTE TDD B38/40/41(2535-2655MHz)Jaringan Nirkabel2,4 GHz/Wi-Fi 5GHzBluetooth 5.0Navigasi & PemosisianGPS: L1Galileo: E1, GLONASS: G1, BeidouAudioSpeaker gandaJack headphone 3,5mmSertifikasi Hi-Res AudioSensorSensor jarak | Sensor cahaya ambien | Akselerometer | Giroskop | Kompas elektronik | Motor getaran linear | IR BlasterSistem OperasiMIUI 12.5 berbasis Android 11Isi Paket Pembelian:Redmi Note 10SAdaptor Kabel USB Tipe-CAlat Pembuka SIMCasing PelindungPanduan Memulai CepatKartu Garansi
(IBOX) iPhone 11 64GB 128GB 256GB Garansi Resmi TAM 1 Tahun 64 128 256	5	7089000	Putra Group	https://www.tokopedia.com/putragroup/ibox-iphone-11-64gb-128gb-256gb-garansi-resmi-tam-1-tahun-64-128-256-64gb-black-promo?extParam=cmp%3D1%26ivf%3Dfalse	https://images.tokopedia.net/img/cache/200-square/VqbcmM/2021/6/13/9e0387c4-689a-4494-a490-b2f9ae57d5d5.jpg.webp?ect=4g	PASTI READY - ORIGINAL - BRAND NEWIphone 11Layar : 6.1 inchMemori : 64 GB - 128 GB - 256 GBWarna : Black - White - Green - Purple- Yellow - Red- Garansi Resmi Apple Indonesia 1 Tahun (ibox / TAM / digimap)- Imei Terdaftar di Kemenperin- BNIB (Brand New In Box) - Segel Greenpeel- Di Dalam box: Unit iPhone + USB-C to Lightning Cable ( new packing ) Baca ulasan2 pembeli lain nya biar kalian yakin belanja disini :https://www.tokopedia.com/putragroup/reviewSekilas info Putra Group :1. Positif review 99 % dr 100 % kepuasan customer2. Sudah melayani 15,000 ++ customer secara online3. Garansi Resmi Apple 1 Tahun4. Brand new - Original - Segel5. After sales yg siap melayani anda selama 24 jamPremium Tempered Glass: https://www.tokopedia.com/putragroup/premium-tempered-glass-for-iphone-xr-iphone-11-iphone-12-6-1Apple Airtaghttps://www.tokopedia.com/putragroup/resmi-apple-airtag-airtags-air-tag-air-tags-garansi-resmi-apple-1-packApple AirTag Loop / Leather Loophttps://www.tokopedia.com/putragroup/apple-airtag-loop-leather-loop-air-tag-air-tags-airtags-original-with-airtag-tanpa-casingApple AirTag Leather Key Ringhttps://www.tokopedia.com/putragroup/apple-airtag-leather-key-ring-air-tag-air-tags-airtags-blue-brown-red-with-airtag-tanpa-casingApple 20W USB Fast Charger- C Power Adapterhttps://www.tokopedia.com/putragroup/original-apple-20w-20-w-fast-charging-usb-c-power-adapter-segelMagSafe Wireless Chargerhttps://www.tokopedia.com/putragroup/apple-magsafe-charger-20w-wireless-charging-mag-safe-for-iphone-12Airpod Prohttps://www.tokopedia.com/putragroup/resmi-apple-airpods-pro-airpod-air-pods-wireless-mwp22-ibox-segel-garansi-inter**Catatan Garansi Resmi**TIDAK ADA Garansi Toko, segala bentuk kerusakan saat produk diterima langsung claim ke service center. Membeli = Setuju
Xiaomi Mi POCO M3 Pro 5G 4/64 6/128GB NFC Triple Kamera Layar hp	4.9	1899000	TOKONIK GADGET	https://www.tokopedia.com/tokonikgadget/xiaomi-mi-poco-m3-pro-5g-4-64-6-128gb-nfc-triple-kamera-layar-hp-herzven-blue-4-64-96f8b?extParam=ivf%3Dfalse	https://images.tokopedia.net/img/cache/200-square/VqbcmM/2023/10/18/e04d2bae-f132-497b-ad90-244e26dc8787.jpg.webp?ect=4g	POCO M3 Pro 5GXiaomi Official Store Garansi Resmi, IMEI Resmi Terdaftar di IMEI KEMENPERINPOCO M3 Pro 5G memiliki keunggulan jaringan 5G yang cepat bukan sekadar pengunduhan dan pengunggahan super cepat,Kecepatan dan latensi rendah juga meningkatkan kemampuan di area yang sangat padat berkat jaringan 5G.POCO M3 Pro 5G dilengkapi dengan 48MP triple kamera dengan lensa makro dan lensa depth. POCO M3 Pro 5G memiliki daya tahan baterai lebih dari 2 hari. Pengisian daya cepat 18W dan kapasitas baterai besar 5000mAh (typ). POCO M3 Pro 5G memiliki desain bagian belakang melengkung 3D dan permukaan bodi mengkilap. Warranty 15monthsSpesifikasiPenyimpanan & RAM4GB+64GB, 6GB+128GBRAM LPDDR4X + penyimpanan UFS2.2DimensiTinggi: 161,81mmLebar: 75,34mmKetebalan: 8,92mmBerat: 190gLayarLayar Dot FHD+ 6,5”Resolusi: 2400 x 1080Rasio kontras: 1500:1Rasio Refresh: 90HzMode baca 3.0ProsesorMediaTek Dimensity 700CPU: Arm Corteks-A76, proses pemrosesan 7nm, CPU octa-core, hingga 2,2GHzGPU: Arm Mali-G57 MC2, Frekuensi GPU Maks: 950MHzBaterai & Pengisian DayaBaterai 5000mAh (typ)Mendukung pengisian daya cepat 18WKamera48MP kamera utama8MP kamera depanFitur fotografi kamera depanAI Video BeautifyKeamananSensor sidik jari di bagian sampingBuka kunci wajah AINFCNFC multifungsi*Mendukung Google PayJaringan & KonektivitasDual SIM, dual standby: 5G+5GBand jaringan:Mendukung 5G / 4G / 3G / 2GJaringan NirkabelWi-Fi 2,4GHz/5GHzBluetooth 5.1Navigasi & PemosisianGPS: L1Galileo: E1 | GLONASS: G1 | BeidouPemosisian tambahan A-GPS | Kompas elektronik | Jaringan nirkabel | Jaringan dataAudioJack headphone 3,5mmSertifikasi Hi-Res AudioSensorSensor jarak | Sensor cahaya ambien | Akselerometer | Giroskop | Kompas elektronik | IR BlasterUI dan sistemMIUI 12 berbasis Android 11Isi Paket PembelianPOCO M3 Pro 5GAdaptorKabel USB Tipe-CAlat pembuka SIMCasing PelindungPanduan Memulai CepatKartu garansi
Samsung Galaxy M23 5G 6/128GB	0	3013500	Samsung Official Store	https://www.tokopedia.com/samsung/samsung-galaxy-m23-5g-6-128gb-orange-copper?extParam=cmp%3D1%26ivf%3Dfalse	data:image/png;base64,iVBORw0KGgoAAAANSUhEUgAAAHgAAAB4CAQAAACTbf5ZAAAAiklEQVR42u3PMQEAAAwCoNm/9Cr4Cw3IjYmwsLCwsLCwsLCwsLCwsLCwsLCwsLCwsLCwsLCwsLCwsLCwsLCwsLCwsLCwsLCwsLCwsLCwsLCwsLCwsLCwsLCwsLCwsLCwsLCwsLCwsLCwsLCwsLCwsLCwsLCwsLCwsLCwsLCwsLCwsLCwsLCwsHDrASUpAHnJhbktAAAAAElFTkSuQmCC	"""Promo #GakAdaMatinya*Periode: Oktober 2023- Free Travel Adapter 25W**- Free Youtube Premium 2 bulan*Syarat & ketentuan berlaku. Klaim melalui aplikasi Samsung Gift Indonesia.**Selama persediaan masih ada""Spesifikasi: - Processor :Snapdragon 750G- Size : 6.6""- Technology : TFT- Resolution : FHD+- Rear Camera Resolution :50.0 MP + 8.0 MP + 2.0 MP- Main Camera Auto Focus : Yes- Rear Camera OIS : No- Rear Camera Digital Zoom up to 10x- Front Camera Resolution : 8.0 MP- Front Camera Auto Focus :No- Video Resolution : FHD (1920 x 1080) @30fps- RAM : 6GB - ROM : 128GB - SIM Tray : Dual-SIM - Network Type : 5G - USB Interface : USB Type-C- USB Version : USB 2.0- Earjack :3.5mm Stereo- Bluetooth Version : Bluetooth v5.0- NFC : Yes- Battery Capacity : 5000mAh"
iPhone 13 Garansi Resmi	5	11472000	igoods gadget	https://www.tokopedia.com/igoodsgadget/iphone-13-garansi-resmi-promo-128gb-midnight?extParam=cmp%3D1%26ivf%3Dfalse	https://images.tokopedia.net/img/cache/200-square/VqbcmM/2023/8/25/c36af385-d5ee-469a-86b0-7ce4d9be9006.png.webp?ect=4g	Newpack / SlimpackIsi box : Hanya unit dan kabel Type C to lighting (Adaptor dan Earphone belum include)100% Garansi resmi100% Baru dan asli100% Segel asli greenpeel ( no repack)RESMI IMEI terdaftar di kemenperin / kominfo(cek Imei: http://kemenperin•go•id/imei/ )Berlaku claim di semua service centre iboxImei belum aktif / Fresh unitOperasional 11.00 - 19.00- setiap pembelian iphone, bila sudah terkoneksi wifi/sudah di aktifkan dibantu ke apple resminya bila ada kendala, karena itu sudah ketentuan dari apple resminya.Asesoris Lainnya Ditoko iniAdaptor :https://www.tokopedia.com/ptpratamasemesta/apple-power-adapter-20w-usb-c-originalhttps://www.tokopedia.com/ptpratamasemesta/anker-adapter-powerport-iii-nano-20-watt-usb-c-adapter-appleTempred Glass :https://www.tokopedia.com/ptpratamasemesta/lamina-tempered-glass-premium-iphonehttps://www.tokopedia.com/ptpratamasemesta/tempered-glass-premium-spyhttps://www.tokopedia.com/ptpratamasemesta/tempered-glass-full-screen-iphone-11-11pro-11promaxCase :https://www.tokopedia.com/ptpratamasemesta/clear-case-with-magsafehttps://www.tokopedia.com/ptpratamasemesta/case-anti-drop-itskinhttps://www.tokopedia.com/ptpratamasemesta/case-anti-drop-magsafe-zagghttps://www.tokopedia.com/ptpratamasemesta/case-premium-13-pro-13-pro-max-hybrid-clearhttps://www.tokopedia.com/ptpratamasemesta/clear-case-motif-uniq-13-prohttps://www.tokopedia.com/ptpratamasemesta/clear-case-uniq-lifepro-xtremeAirpods dan Earphone :https://www.tokopedia.com/ptpratamasemesta/apple-earpods-with-lightning-connector-originalhttps://www.tokopedia.com/ptpratamasemesta/apple-airpods-pro-garansi-ibox-magsafe-chargerAirtag :https://www.tokopedia.com/ptpratamasemesta/apple-airtag
XIAOMI OFFICIAL POCO M5 MediaTek Helio G99 90Hz DynamicSwitch FHD+ NFC	4.9	1698000	Xiaomi Official Store	https://www.tokopedia.com/xiaomi/xiaomi-official-poco-m5-mediatek-helio-g99-90hz-dynamicswitch-fhd-nfc-4-128gb-black?extParam=cmp%3D1%26ivf%3Dfalse	https://images.tokopedia.net/img/cache/200-square/VqbcmM/2023/9/1/283e9f72-f675-46bf-901a-ec327e76f1a1.jpg.webp?ect=4g	"XIAOMI OFFICIAL POCO M5 MediaTek Helio G99 90Hz DynamicSwitch FHD+ NFCMasa Garansi : 15 BulanXiaomi Official Store Garansi Resmi, IMEI Resmi Terdaftar di IMEI KEMENPERINPOCO M5 menggunakan prosesor octa-core MediaTek Helio G99 memiliki arsitektur CPU terdepan di industri dan GPU MC2 Mali-G57 tangguh yang mampu menghasilkan performa hebat untuk pengalaman pengguna yang mengesankan.POCO M5 menggunakan Layar FHD+ 6,58”, resolusi 2408×1080, layar 401 ppi, Gorilla Glass perlindungan lebih tangguh, rasio layar 20:9POCO M5 dilengkapi dengan baterai 5000mAh (standar) dan pengisian daya cepat 18W. 42,46 jam menelepon, 476,52 jam waktu siaga, 21,88 jam memutar video, 15,02 jam bermain game.POCO M5 dilengkapi dengan 50MP AI triple kamera. 50MP Kamera utama Ultra HD, 2MP Kamera dengan kedalaman, 2MP Kamera makro dan Kamera depan 5MP.POCO M5 pada desain bagian pinggir yang rata dan menyatu membuatnya nyaman dipegang. Teksturnya yang halus seperti kulit juga antinoda. Casing belakangnya yang terbuat dari dua kombinasi bahan menciptakan kontras yang tajam, sehingga membuat POCO M5 ini tampak menawan. Tersedia dalam 3 warna Black, Green, Yellow.POCO M5 memiliki fitur canggih lainnya seperti NFC, IR Blaster, MIUI 13, Ekstensi memori, Sensor sidik jari di bagian samping, dan Headphone jack 3,5 mmProsesor: MediaTek Helio G99Kamera: 64MP Quad KameraLayar: IPS FHD+ 6,43""Baterai: 5000mAhNFCTinggi: 160,46 mmLebar: 74,5 mmKetebalan: 8,29 mmBerat: 178,8 gIsi KemasanPOCO M5 / Adaptor 22,5 W / Kabel USB Tipe-C / Alat Pembuka Kartu SIM / Casing Pelindung / Panduan Memulai Cepat / Kartu GaransiHi Mi Fans,Demi kenyamanan dan keamanan berbelanja.. mohon bantu kami yaa.1. Menyertakan video unboxing ketika komplain2. Rekam video dengan jelas sebelum membuka paket3. Mohon maaf, kami tidak menerima video yang direkam setelah paket dibuka serta video editan atau terputus-putus4. Jangan lupa kasih review dan rate bintangnya ya"
NOKIA 150 (2020) GARANSI RESMI 1 TAHUN (GANTI BARU)	0	422000	Garden Cell Official	https://www.tokopedia.com/gardencell/nokia-150-2020-garansi-resmi-1-tahun-ganti-baru-black?extParam=ivf%3Dfalse	data:image/png;base64,iVBORw0KGgoAAAANSUhEUgAAAHgAAAB4CAQAAACTbf5ZAAAAiklEQVR42u3PMQEAAAwCoNm/9Cr4Cw3IjYmwsLCwsLCwsLCwsLCwsLCwsLCwsLCwsLCwsLCwsLCwsLCwsLCwsLCwsLCwsLCwsLCwsLCwsLCwsLCwsLCwsLCwsLCwsLCwsLCwsLCwsLCwsLCwsLCwsLCwsLCwsLCwsLCwsLCwsLCwsLCwsLCwsHDrASUpAHnJhbktAAAAAElFTkSuQmCC	GARANSI RESMI 1 TAHUN, RUSAK DI GANTI BARUNB: Apabila warna yg di pilih stock habis, maka akan kami kirim secara RandomNetwork  Technology  GSMLaunch  Announced  2020, May 12Status  Available. Released 2020, May 29Body  Dimensions  132 x 50.5 x 15 mm (5.20 x 1.99 x 0.59 in)Weight  90.5 g (3.21 oz)SIM  Dual SIM (Mini-SIM, dual stand-by)  FlashlightDisplay  Type  TFT, 65K colorsSize  2.4 inches, 17.8 cm2 (~26.8% screen-to-body ratio)Resolution  240 x 320 pixels, 4:3 ratio (~167 ppi density)Memory  Card slot  microSDPhonebook  2000 entriesCall records  YesInternal  4MBMain Camera  Single  VGAVideo  YesSelfie camera     NoSound  Loudspeaker  Yes3.5mm jack  YesComms  WLAN  NoBluetooth  3.0GPS  NoRadio  FM radio; built-in antennaUSB  microUSB 2.0Features  Sensors  Messaging  SMSGames  YesJava  No  MP3 playerBattery  Type  Li-Ion 1020 mAh, removableStand-by  Up to 560 hTalk time  Up to 19 h
Realme C51 NFC 4/64&128 GB Garansi	4.9	1449000	TOKONIK GADGET	https://www.tokopedia.com/tokonikgadget/realme-c51-nfc-4-64-128-gb-garansi-mint-green-4-64-ded52?extParam=ivf%3Dfalse	data:image/png;base64,iVBORw0KGgoAAAANSUhEUgAAAHgAAAB4CAQAAACTbf5ZAAAAiklEQVR42u3PMQEAAAwCoNm/9Cr4Cw3IjYmwsLCwsLCwsLCwsLCwsLCwsLCwsLCwsLCwsLCwsLCwsLCwsLCwsLCwsLCwsLCwsLCwsLCwsLCwsLCwsLCwsLCwsLCwsLCwsLCwsLCwsLCwsLCwsLCwsLCwsLCwsLCwsLCwsLCwsLCwsLCwsLCwsHDrASUpAHnJhbktAAAAAElFTkSuQmCC	Realme C51 NFC - Koneksi Lebih Cepat, Kemudahan di Ujung Jari AndaRealme C51 NFC adalah pilihan pintar bagi mereka yang menginginkan pengalaman ponsel yang canggih dengan fitur NFC yang memungkinkan pembayaran dan koneksi nirkabel yang lebih cepat. Dengan sejumlah fitur unggulan, ponsel ini adalah jawaban bagi mereka yang mencari kualitas dan kepraktisan.Spesifikasi Unggulan:Layar Besar 6,2 Inci: Nikmati tampilan yang jernih dan luas dengan layar 6,2 inci. Ini memungkinkan Anda menikmati konten multimedia dengan kualitas gambar yang luar biasa.NFC Untuk Pembayaran Cepat: Realme C51 NFC dilengkapi dengan teknologi NFC yang memungkinkan Anda melakukan pembayaran secara nirkabel dengan cepat dan aman. Tidak perlu lagi membawa uang tunai atau kartu kredit.Kamera Unggul: Kamera utama 16 MP memungkinkan Anda mengambil foto dan video berkualitas tinggi dengan mudah. Fitur-fitur fotografi canggih akan membantu Anda menangkap momen berharga.Performa Andal: Ditenagai oleh prosesor yang tangguh dan RAM yang cukup besar, ponsel ini menawarkan kinerja yang responsif untuk menjalankan aplikasi, game, dan tugas sehari-hari.Baterai Tahan Lama: Dengan baterai berkapasitas besar, Anda dapat menggunakan ponsel ini sepanjang hari tanpa harus sering mengisi daya.Sistem Operasi Android: Realme C51 NFC menjalankan sistem operasi Android terbaru, yang memberikan akses ke ribuan aplikasi, game, dan konten dari Google Play.Penyimpanan Luas: Dengan penyimpanan internal yang besar, Anda memiliki cukup ruang untuk menyimpan file, foto, dan aplikasi favorit Anda.Desain yang Menarik: Realme C51 NFC hadir dengan desain yang menarik dan ramping. Ini akan membuat ponsel ini terlihat elegan dan nyaman digenggam.
"XIAOMI OFFICIAL Redmi 12C MediaTek Helio G85 50MP AI Dual Kamera 6,71"""	4.9	1098000	Xiaomi Official Store	https://www.tokopedia.com/xiaomi/xiaomi-official-redmi-12c-mediatek-helio-g85-50mp-ai-dual-kamera-6-71-ocean-blue-3-32gb-69911?extParam=cmp%3D1%26ivf%3Dfalse	data:image/png;base64,iVBORw0KGgoAAAANSUhEUgAAAHgAAAB4CAQAAACTbf5ZAAAAiklEQVR42u3PMQEAAAwCoNm/9Cr4Cw3IjYmwsLCwsLCwsLCwsLCwsLCwsLCwsLCwsLCwsLCwsLCwsLCwsLCwsLCwsLCwsLCwsLCwsLCwsLCwsLCwsLCwsLCwsLCwsLCwsLCwsLCwsLCwsLCwsLCwsLCwsLCwsLCwsLCwsLCwsLCwsLCwsLCwsHDrASUpAHnJhbktAAAAAElFTkSuQmCC	"XIAOMI OFFICIAL Redmi 12C MediaTek Helio G85 50MP AI Dual Kamera 6,71""Xiaomi Official Store Garansi Resmi, IMEI Resmi Terdaftar di IMEI KEMENPERINMasa Garansi : 15 BulanDidukung oleh prosesor MediaTek Helio G85, Redmi 12C memberikan performa terbaik di kelasnya dan lancar pengalaman dalam bermain game, pencitraan, atau penggunaan sehari-hari.Baterai besar 5000mAh dari Xiaomi Redmi 12C dengan mudah menyediakan daya yang cukup untuk bertahan seharian penuh menelepon, bermain game, dan memutar video.Dengan sensor sidik jari belakang yang menyatu selaras dengan desain minimalisnya, membuka kunci ponsel kamu dengan cepat, mudah, dan aman.Menampilkan layar HD+ 6,71"" yang besar, Xiaomi Redmi 12C menghidupkan film dan game favorit kamu. Layar juga memungkinkan pengalaman menonton yang lebih baik untuk navigasi harian kamu dan membaca dengan aspek rasioi 20,6:9.Hadir dalam bentuk unibody, dengan tepi rata dan melengkung ke belakang, desain bergaris dan berusuk yang stylish membuat perangkat ini lebih mudah dikenali dan tahan selip sambil meningkatkan estetika keseluruhan dan rasa cengkeramannya.Dilengkapi dengan kamera utama 50MP, Xiaomi Redmi 12C menawarkan detail yang lebih baik dan tangkapan cahaya yang lebih baik kemampuan, memungkinkan kamu untuk merekam momen yang tak terlupakan dalam kondisi cahaya apapun.Chipset : Helio G85Kamera Belakang : 50 MP + Depth CameraKamera Depan : 5 MPUkuran Layar : 6.71 Inch HD+Baterai : 5000 mAhSistem Operasi : AndroidDimension L x W x H: 168,76mm x 76,41mm x 8,77mmHi Mi Fans,Demi kenyamanan dan keamanan berbelanja.. mohon bantu kami yaa.Menyertakan video unboxing ketika komplainRekam video dengan jelas sebelum membuka paketMohon maaf, kami tidak menerima video yang direkam setelah paket dibuka serta video editan atau terputus-putusJangan lupa kasih review dan rate bintangnya ya"
Xiaomi Official POCO M4 Pro 6/128GB Smartphone	4.9	2899000	Xiaomi Official Store	https://www.tokopedia.com/xiaomi/xiaomi-official-poco-m4-pro-6-128gb-smartphone-poco-yellow?extParam=ivf%3Dfalse	data:image/png;base64,iVBORw0KGgoAAAANSUhEUgAAAHgAAAB4CAQAAACTbf5ZAAAAiklEQVR42u3PMQEAAAwCoNm/9Cr4Cw3IjYmwsLCwsLCwsLCwsLCwsLCwsLCwsLCwsLCwsLCwsLCwsLCwsLCwsLCwsLCwsLCwsLCwsLCwsLCwsLCwsLCwsLCwsLCwsLCwsLCwsLCwsLCwsLCwsLCwsLCwsLCwsLCwsLCwsLCwsLCwsLCwsLCwsHDrASUpAHnJhbktAAAAAElFTkSuQmCC	"Poco M4 Pro 6GB 128GB SmartphoneSpesifikasi:RAM & Kapasitas Penyimpanan6GB + 128GB, 8GB + 256GBRAM LPDDR4X + Penyimpanan UFS2.2Layar90Hz FHD+ AMOLED 6,43"" DotDisplayFHD+ 2400x1080Rasio kontras: 4.500.000:1 Tingkat kecerahan: 2048 Refresh rate: 90 HzTouch sampling rate: 180 Hz Sunlight display SGS Eye Care Display SGS Seamless DisplayProsesorHelio G96CPU: CPU octa-core, hingga 2,05 GHzGPU: Mali-G57 MC2 Baterai & Pengisian DayaBaterai 5000mAh (typ)Kamera                                Kamera utama 64 MPf/1,8Piksel besar 1,4 m (4-in-1) Kamera ultra-wide 8 MP  Bidang tangkapan 118f/2,2Kamera makro 2 MP f/2,4Kamera depan 16 MP                                f/2,4     Fitur fotografi kamera depan HDR Mode potret Bokeh dan depth control              BeautifyFilter Bingkai film                                Palm shuttter                                Mode panorama Keamanan Sensor sidik jari di bagian samping AI Face Unlock NFC Mendukung Google Pay*Fungsi mungkin berbeda di beberapa pasar.Jaringan & Konektivitas SIM ganda yang aktif: 4G+4GFrekuensi jaringan:Mendukung 4G / 3G / 2G Jaringan Nirkabel  Bluetooth 5.0Protokol Wi-Fi: 802.11a/b/g/n/acNavigasi & Deteksi PosisiGPS: L1  GLONASS: G1 | Galileo: E1 | BeiDou: B1 AudioSpeaker ganda Sertifikasi Hi-Res AudioMenonton VideoMP4 I M4V I MKV I AVI I WMV I WEBM I 3GP I 3G2 I ASFSistem Operasi berbasis Android 11"
Official Xiaomi Redmi 12 (8GB/128GB) | (8GB/256GB) MediaTek Helio G88	4.9	1999000	Xiaomi Official Store	https://www.tokopedia.com/xiaomi/official-xiaomi-redmi-12-8gb-128gb-8gb-256gb-mediatek-helio-g88-midnight-black-8-128gb?extParam=ivf%3Dfalse	data:image/png;base64,iVBORw0KGgoAAAANSUhEUgAAAHgAAAB4CAQAAACTbf5ZAAAAiklEQVR42u3PMQEAAAwCoNm/9Cr4Cw3IjYmwsLCwsLCwsLCwsLCwsLCwsLCwsLCwsLCwsLCwsLCwsLCwsLCwsLCwsLCwsLCwsLCwsLCwsLCwsLCwsLCwsLCwsLCwsLCwsLCwsLCwsLCwsLCwsLCwsLCwsLCwsLCwsLCwsLCwsLCwsLCwsLCwsHDrASUpAHnJhbktAAAAAElFTkSuQmCC	Official Xiaomi Redmi 12 (8GB/128GB) | (8GB/256GB) MediaTek Helio G88Warna: Midnight Black, Sky Blue, Polar SilverProcessor:- MediaTek Helio G88- GPU: Arm Mali-G52RAM/Storage:- 8GB/128GB- 8GB/256GBLayar: 6.79” FHD+ DotDisplay- Resolution: 2460 x 1080- Refresh rate : Up to 90Hz- Reading ModeKamera Belakang:50MP main camera8MP ultra-wide camera2MP macro cameraKamera FilmKualitas Video ->- 1080p 1920 x 1080 | 30fps- 720p 1280 x 720 | 30fpsKamera Depan : 8MP (f/2.1)Kualitas Video ->- 1080p 1920 x 1080 | 30fps- 720p 1280 x 720 | 30fps Baterai & pengisian daya- 5000mAh (typ)- 18W turbo chargingIP53 splash and dust proof protectionKeamanan :Sensor sidik jari di bagian sampingAI Face UnlockDimensi:Panjang: 168.60mmLebar: 76.28mmKetebalan: 8.17mmBerat: 198.5g*Data disediakan oleh laboratorium internal. Metode pengukuran industri mungkin berbeda, sehingga hasil sebenarnya dapat berbeda.Konektivitas: - SIM1 + Hybrid (SIM or MicroSD)Jaringan Nirkabel :Bluetooth 5.3Audio:3.5mm headphone jackSensor :Akselerometer | Kompas elektronikSistem Operasi : MIUI 14 based on Android 13Xiaomi Official Store Garansi Resmi, IMEI Resmi Terdaftar di IMEI KEMENPERINIsi Kemasan :Redmi 12 AdaptorKabel USB type-CAlat pembuka SIM Kartu garansi Panduan pengguna
XIAOMI OFFICIAL Redmi Note 12 Pro 5G Kamera 50MP Sony IMX766 P-OLED	4.9	4398000	Xiaomi Official Store	https://www.tokopedia.com/xiaomi/xiaomi-official-redmi-note-12-pro-5g-kamera-50mp-sony-imx766-p-oled-midnight-black-8-256gb?extParam=cmp%3D1%26ivf%3Dfalse	data:image/png;base64,iVBORw0KGgoAAAANSUhEUgAAAHgAAAB4CAQAAACTbf5ZAAAAiklEQVR42u3PMQEAAAwCoNm/9Cr4Cw3IjYmwsLCwsLCwsLCwsLCwsLCwsLCwsLCwsLCwsLCwsLCwsLCwsLCwsLCwsLCwsLCwsLCwsLCwsLCwsLCwsLCwsLCwsLCwsLCwsLCwsLCwsLCwsLCwsLCwsLCwsLCwsLCwsLCwsLCwsLCwsLCwsLCwsHDrASUpAHnJhbktAAAAAElFTkSuQmCC	"Xiaomi Redmi Note 12 Pro 5Ghttps://www.tokopedia.com/discovery/redminote12proXiaomi Official Store Garansi Resmi, IMEI Resmi Terdaftar di IMEI KEMENPERINLayar 6,67"" terbuat dari bahan fleksibel canggih, meningkatkan kecerahan dan menampilkan rentang warna yang lebih luas dengan kontras lebih tinggi, dipadukan dengan output yang lebih mulus untuk pengalaman menonton yang lebih hidup.Refresh rate tinggi 120Hz, Tampilan halaman web, video, game, dan lainnya yang lebih mulus. Dolby Vision bermitra dengan HDR10+, menghadirkan kualitas gambar yang tak terkalahkan, bersama dengan Dolby Atmos dan speaker ganda, sehingga kamu dapat menikmati teater di telapak tangan Anda di mana saja, kapan saja.Dilengkapi dengan kamera 50MP kamera utama dengan sensor IMX766 menjadi pilihan unggulan banyak smartphone. Ukuran sensor 1/1,56"""" yang besar memungkinkan asupan cahaya yang lebih banyak dan All-pixel Auto Focus yang canggih mampu membuat pemfokusan otomatis berkecepatan tinggi menjadi kenyataan. Kamera yang dilengkapi dengan OIS, stabil di segala situasi.Baterai berkapasitas tinggi 5000mAh dibangun di dalam bodi  setipis 7,99mm ini dan memastikan pengalaman pengguna yang lebih tahan lama dan lebih lancar. Dengan 67W turbo charging, 15 menit menjadi rahasia untuk menangani hampir semua hal. Sekarang dalam genggamanmu.Efisiensi jelas dari MediaTek Dimensity 1080 dengan 5G. Chipset proses 6nm yang canggih meningkatkan kecepatan keseluruhan dan mengurangi konsumsi daya, memberikan kinerja yang hebat dalam pembuatan video dan gambar, game, dan konektivitas 5G*. Kombinasi penyimpanan dan RAM yang cepat, Kelancaran yang tinggi dengan memori hingga 8GB. Instal aplikasi favorit kamu dan abadikan momen melalui foto & video dengan penyimpanan hingga 256GB.5G bebas hambatan. Kecepatan yang lebih cepat dan pita frekuensi yang lebih banyak memungkinkan kamu dan teman kamu berkomunikasi secara online seolah-olah kamu sedang bertatap muka.Isi KemasanRedmi Note 12 Pro 5G / Adapter"
Apple iPhone 11 64 GB - Garansi Resmi iBox Apple Indonesia	0	7248000	Universe Store	https://www.tokopedia.com/universestore/apple-iphone-11-64-gb-garansi-resmi-ibox-apple-indonesia-fs-putih?extParam=cmp%3D1%26ivf%3Dfalse	data:image/png;base64,iVBORw0KGgoAAAANSUhEUgAAAHgAAAB4CAQAAACTbf5ZAAAAiklEQVR42u3PMQEAAAwCoNm/9Cr4Cw3IjYmwsLCwsLCwsLCwsLCwsLCwsLCwsLCwsLCwsLCwsLCwsLCwsLCwsLCwsLCwsLCwsLCwsLCwsLCwsLCwsLCwsLCwsLCwsLCwsLCwsLCwsLCwsLCwsLCwsLCwsLCwsLCwsLCwsLCwsLCwsLCwsLCwsHDrASUpAHnJhbktAAAAAElFTkSuQmCC	"Garansi Resmi iBox Apple Indonesia 1 TahunDapatkan keuntungan dengan membeli di toko kami :1. Garansi Tukar Baru 1x24 jam dari diterima oleh pembeli apabila ada cacat pabrik / fungsi yang tidak berfungsi dari pabrik ketika buka segel langsung kami ganti baru , syarat ketentuan ada di catatan toko2. Semua pengiriman sudah kami packing dengan aman3. Jaminan Uang kembali utuh 100% apabila produk tidak sesuai dengan deskripsi / keterangan100% Original Baru dan Segel Greenpeel (Asli Apple)iPhone Produksi Baru sudah tidak mendapat Adapter dan Headset di dalam box , isi paket penjualan iPhone dan Kabel usb c to lightningImei Terdaftar Resmi di KemenperinSpesifikasi :Jaringan GSM / HSPA / LTESistem Operasi iOS 14Prosesor Apple A13 Bionic (7 nm+), Hexa-core (2x2.65 GHz Lightning + 4x1.8 GHz Thunder)GPU Apple GPU (4-core graphics)RAM 4 GBUkuran Layar 6.1 inchTipe Layar Liquid Retina IPS LCD capacitive touchscreen, 16M colors, True Tone, Haptic Touch, 625 nitsResolusi Layar 828 x 1792 pixels, 19.5:9 ratio (~326 ppi density)Kamera Belakang Dual 12 MP, f/1.8, 26mm (wide), 1/2.55"", 1.4µm, dual pixel PDAF, OIS12 MP, f/2.4, 13mm (ultrawide)Kamera Depan 12 MP, f/2.2, 23mm (wide)SL 3D cameraAudio Stereo Speakers, Dolby Atmos, Dolby Digital PlusWLAN Wi-Fi 802.11 a/b/g/n/ac/ax, dual-band, hotspotBluetooth 5.0, A2DP, LEGPS A-GPS, GLONASS, GALILEO, QZSSSensor Face ID, accelerometer, gyro, proximity, compass, barometer, Proximity, Ambient light, Siri natural language commands and dictationBaterai 3110 mAhPengisian Daya Support fast battery charging, USB Power Delivery 2.0, Qi wireless chargingSlot Memori Eksternal NoBerat 194 grDimensi 150.9 x 75.7 x 8.3 mm"
Xiaomi Official Redmi Note 11 4/128GB Smartphone	4.9	1898000	Xiaomi Official Store	https://www.tokopedia.com/xiaomi/xiaomi-official-redmi-note-11-4-128gb-smartphone-graphite-gray?extParam=cmp%3D1%26ivf%3Dfalse	data:image/png;base64,iVBORw0KGgoAAAANSUhEUgAAAHgAAAB4CAQAAACTbf5ZAAAAiklEQVR42u3PMQEAAAwCoNm/9Cr4Cw3IjYmwsLCwsLCwsLCwsLCwsLCwsLCwsLCwsLCwsLCwsLCwsLCwsLCwsLCwsLCwsLCwsLCwsLCwsLCwsLCwsLCwsLCwsLCwsLCwsLCwsLCwsLCwsLCwsLCwsLCwsLCwsLCwsLCwsLCwsLCwsLCwsLCwsHDrASUpAHnJhbktAAAAAElFTkSuQmCC	"Redmi Note 11 4GB 128GB SmartphoneXiaomi Official Store Garansi Resmi, IMEI Resmi Terdaftar di IMEI KEMENPERINSpesifikasiProsesorSnapdragon 680Proses manufaktur 6nmCPU: CPU Octa-core, hingga 2,4GHzGPU: GPU Qualcomm Adreno 610RAM dan Kapasitas Penyimpanan4GB+128GB | 6GB+128GBLPDDR4X + UFS2.2Penyimpanan dapat ditambah hingga 1TB*Kapasitas penyimpanan dan RAM yang tersedia lebih sedikit dari memori total karena terpotong untuk sistem operasi dan perangkat lunak bawaan di perangkat.DimensiTinggi: 159,87mmLebar: 73,87mmKetebalan: 8,09mmBerat: 179gLayar6,43"" FHD+ AMOLED DotDisplayRefresh rate: Hingga 90HzTouch sampling rate: Hingga 180HzKecerahan: HBM 700 nits (standar), 1000 nits kecerahan puncak (standar)Rasio kontras: 4.500.0000:1Resolusi: 2400 x 1080Rentang warna luas DCI-P3409 ppiReading mode 3.0Sunlight displayKamera belakangKamera utama 50MPf/1,8Kamera ultra-wide 8MPf/2,2Bidang tangkapan 118Kamera makro 2MPf/2,4Sensor depth 2MPf/2,4Kamera depanKamera depan 13MPf/2,4Baterai & Pengisian Daya5000mAh (standar)Pengisian daya cepat Pro 33WPengisi daya cepat 33W di dalam boksUSB-CKeamananSensor sidik jari di bagian sampingPengenalan wajah berbasis AINFC*Ketersediaan berbeda-beda tergantung pasar*Fungsi mungkin berbeda di beberapa pasarJaringan & KonektivitasDual SIM + microSDJaringan yang didukung:2G: GSM3G: WCDMA4G: LTE FDD4G: LTE TDDBluetooth 5.0Protokol Wi-Fi: 802.11a/b/g/n/acNavigasi & Deteksi PosisiGPS L1 | Glonass G1 | BDS B1 | Galileo E1AudioSpeaker gandaJack headphone 3,5mmSertifikasi Hi-Res AudioSistem OperasiAndroid 11 | MIUI 13"
Apple iPhone 11 128 GB - Garansi Resmi iBox Apple Indonesia	0	8640000	Universe Store	https://www.tokopedia.com/universestore/apple-iphone-11-128-gb-garansi-resmi-ibox-apple-indonesia-fs-putih?extParam=cmp%3D1%26ivf%3Dfalse	data:image/png;base64,iVBORw0KGgoAAAANSUhEUgAAAHgAAAB4CAQAAACTbf5ZAAAAiklEQVR42u3PMQEAAAwCoNm/9Cr4Cw3IjYmwsLCwsLCwsLCwsLCwsLCwsLCwsLCwsLCwsLCwsLCwsLCwsLCwsLCwsLCwsLCwsLCwsLCwsLCwsLCwsLCwsLCwsLCwsLCwsLCwsLCwsLCwsLCwsLCwsLCwsLCwsLCwsLCwsLCwsLCwsLCwsLCwsHDrASUpAHnJhbktAAAAAElFTkSuQmCC	"Garansi Resmi iBox Apple Indonesia 1 TahunDapatkan keuntungan dengan membeli di toko kami :1. Garansi Tukar Baru 1x24 jam dari diterima oleh pembeli apabila ada cacat pabrik / fungsi yang tidak berfungsi dari pabrik ketika buka segel langsung kami ganti baru , syarat ketentuan ada di catatan toko2. Semua pengiriman sudah kami packing dengan aman3. Jaminan Uang kembali utuh 100% apabila produk tidak sesuai dengan deskripsi / keterangan100% Baru dan Segel Asli Apple (Greenpeel)Imei Terdaftar Resmi di KemenperinINFO : iPhone 11 Produksi Baru / Packaging Baru tidak mendapat Headset dan Kepala Charger (isi Box iPhone dan kabel usb c to lightning)Spesifikasi :Jaringan GSM / HSPA / LTESistem Operasi iOS 14Prosesor Apple A13 Bionic (7 nm+), Hexa-core (2x2.65 GHz Lightning + 4x1.8 GHz Thunder)GPU Apple GPU (4-core graphics)RAM 4 GBUkuran Layar 6.1 inchTipe Layar Liquid Retina IPS LCD capacitive touchscreen, 16M colors, True Tone, Haptic Touch, 625 nitsResolusi Layar 828 x 1792 pixels, 19.5:9 ratio (~326 ppi density)Kamera Belakang Dual 12 MP, f/1.8, 26mm (wide), 1/2.55"", 1.4µm, dual pixel PDAF, OIS12 MP, f/2.4, 13mm (ultrawide)Kamera Depan 12 MP, f/2.2, 23mm (wide)SL 3D cameraAudio Stereo Speakers, Dolby Atmos, Dolby Digital PlusWLAN Wi-Fi 802.11 a/b/g/n/ac/ax, dual-band, hotspotBluetooth 5.0, A2DP, LEGPS A-GPS, GLONASS, GALILEO, QZSSSensor Face ID, accelerometer, gyro, proximity, compass, barometer, Proximity, Ambient light, Siri natural language commands and dictationBaterai 3110 mAhPengisian Daya Support fast battery charging, USB Power Delivery 2.0, Qi wireless chargingSlot Memori Eksternal NoBerat 194 grDimensi 150.9 x 75.7 x 8.3 mm"
Xiaomi Redmi Note 11 6/128 GB Garansi Resmi	4.9	2208000	duniagadgetku	https://www.tokopedia.com/duniagadgetku/xiaomi-redmi-note-11-6-128-gb-garansi-resmi-6-128-promo?extParam=cmp%3D1%26ivf%3Dtrue	data:image/png;base64,iVBORw0KGgoAAAANSUhEUgAAAHgAAAB4CAQAAACTbf5ZAAAAiklEQVR42u3PMQEAAAwCoNm/9Cr4Cw3IjYmwsLCwsLCwsLCwsLCwsLCwsLCwsLCwsLCwsLCwsLCwsLCwsLCwsLCwsLCwsLCwsLCwsLCwsLCwsLCwsLCwsLCwsLCwsLCwsLCwsLCwsLCwsLCwsLCwsLCwsLCwsLCwsLCwsLCwsLCwsLCwsLCwsHDrASUpAHnJhbktAAAAAElFTkSuQmCC	Baru dan Segel ~Garansi Resmi ~IMEI Terdaftar ~NETWORK Technology GSM / HSPA / LTELAUNCH Announced 2022, January 26Status Available. Released 2022, February 09BODY Dimensions 159.9 x 73.9 x 8.1 mm (6.30 x 2.91 x 0.32 in)Weight 179 g (6.31 oz)SIM Dual SIM (Nano-SIM, dual stand-by)  IP53, dust and splash protectionDISPLAY Type AMOLED, 90Hz, 700 nits, 1000 nits (peak)Size 6.43 inches, 99.8 cm2 (~84.5% screen-to-body ratio)Resolution 1080 x 2400 pixels, 20:9 ratio (~409 ppi density)Protection Corning Gorilla Glass 3PLATFORM OS Android 11, MIUI 13Chipset Qualcomm SM6225 Snapdragon 680 4G (6 nm)CPU Octa-core (4x2.4 GHz Kryo 265 Gold & 4x1.9 GHz Kryo 265 Silver)GPU Adreno 610MEMORY Card slot microSDXC (dedicated slot)Internal 64GB 4GB RAM, 64GB 6GB RAM, 128GB 4GB RAM, 128GB 6GB RAM  UFS 2.2MAIN CAMERA Quad 50 MP, f/1.8, 26mm (wide), PDAF8 MP, f/2.2, 118˚ (ultrawide)2 MP, f/2.4, (macro)2 MP, f/2.4, (depth)Features LED flash, HDR, panoramaVideo 1080p@30fpsSELFIE CAMERA Single 13 MP, f/2.4, (wide)Video 1080p@30fpsSOUND Loudspeaker Yes, with stereo speakers3.5mm jack Yes  24-bit/192kHz audioCOMMS WLAN Wi-Fi 802.11 a/b/g/n/ac, dual-band, Wi-Fi Direct, hotspotBluetooth 5.0, A2DP, LEGPS Yes, with A-GPS, GLONASS, BDS, GALILEONFC Yes (market/region dependent)Infrared port YesRadio FM radioUSB USB Type-C 2.0, USB On-The-GoFEATURES Sensors Fingerprint (side-mounted), accelerometer, gyro, compass  Virtual proximity sensingBATTERY Type Li-Po 5000 mAh, non-removableCharging Fast charging 33W, 
Samsung Galaxy A54 5G	5	4910500	jikalaku	https://www.tokopedia.com/jikalaku/samsung-galaxy-a54-5g-black-promo-8-128-gb?extParam=cmp%3D1%26ivf%3Dfalse	data:image/png;base64,iVBORw0KGgoAAAANSUhEUgAAAHgAAAB4CAQAAACTbf5ZAAAAiklEQVR42u3PMQEAAAwCoNm/9Cr4Cw3IjYmwsLCwsLCwsLCwsLCwsLCwsLCwsLCwsLCwsLCwsLCwsLCwsLCwsLCwsLCwsLCwsLCwsLCwsLCwsLCwsLCwsLCwsLCwsLCwsLCwsLCwsLCwsLCwsLCwsLCwsLCwsLCwsLCwsLCwsLCwsLCwsLCwsHDrASUpAHnJhbktAAAAAElFTkSuQmCC	"Jaringan: GSM / HSPA / LTE / 5GUkuran layar: 6.5 inci, 1080 x 2340 pixels, Super AMOLED, 120HzMemori: RAM 8 GB, ROM 128/256 GB, MicroSDXC slotSistem operasi: Android 13, One UI 5.1CPU: Exynos 1380 (5 nm) Octa-core (4x2.4 GHz Cortex-A78 & 4x2.0 GHz Cortex-A55)GPU: Mali-G68 MP5Kamera: Triple 50 MP f/1.8 (wide) PDAF OIS; 12 MP f/2.2 123˚(ultrawide); 5 MP f/2.4 (macro), depan 32 MP f/2.2 26mm 1/2.8"" 0.8µm (wide)Video: 4K@30fps, 1080p@30/60fps, 720p@480fpsAudio: Loudspeaker (stereo) WLAN: 802.11 a/b/g/n/ac/6, dual-band, Wi-Fi DirectBluetooth: 5.3, A2DP, LEGPS: GPS, GLONASS, GALILEO, BDSSensor: Fingerprint (under display, optical), accelerometer, gyro, compass, virtual proximity sensingNFC: YesResistansi Air: IP67 dust/water resistant (up to 1m for 30 min)SIM: Hybrid Dual SIM (Nano-SIM, dual stand-by)Baterai: Li-Po 5000 mAh, non-removableBerat: 202 gramGaransi Resmi"
"XIAOMI OFFICIAL Redmi A1 MediaTek Helio A22 HD+ 6,52"" 5000mAh"	4.9	998000	Xiaomi Official Store	https://www.tokopedia.com/xiaomi/xiaomi-official-redmi-a1-mediatek-helio-a22-hd-6-52-5000mah-black-2-32gb?extParam=cmp%3D1%26ivf%3Dfalse	data:image/png;base64,iVBORw0KGgoAAAANSUhEUgAAAHgAAAB4CAQAAACTbf5ZAAAAiklEQVR42u3PMQEAAAwCoNm/9Cr4Cw3IjYmwsLCwsLCwsLCwsLCwsLCwsLCwsLCwsLCwsLCwsLCwsLCwsLCwsLCwsLCwsLCwsLCwsLCwsLCwsLCwsLCwsLCwsLCwsLCwsLCwsLCwsLCwsLCwsLCwsLCwsLCwsLCwsLCwsLCwsLCwsLCwsLCwsHDrASUpAHnJhbktAAAAAElFTkSuQmCC	"Xiaomi Redmi A1Xiaomi Official Store Garansi Resmi, IMEI Resmi Terdaftar di IMEI KEMENPERINMasa Garansi : 15 BulanXiaomi Redmi A1 memiliki layar HD+ 6.52"" yang besar dan sejernih kristal akan langsung memberikan pengalaman visual yang lebih menakjubkan ketika menonton film dan bermain game.Xiaomi Redmi A1 dilengkapi dengan kapasitas baterai 5000mAh yang sangat besar dan pengisian daya cepat 10W, kamu bisa menikmati daya tahan baterai yang lebih lama sepanjang hari. Tak perlu lagi khawatir kehabisan daya baterai! 30 jam menelepon, 22 jam memutar video, 746 jam waktu siaga, dan 161 jam mendengarkan musik.Xiaomi Redmi A1 memiliki desain bingkai datar trendi yang tersedia dalam nuansa warna hitam, dan biru yang menyejukkan. Panel bagian belakang yang bertekstur memiliki tampilan premium yang tahan dari noda sidik jari dan nyaman digenggam dalam waktu lama.Xiaomi Redmi A1 tersedia dalam 2 pilihan warna yaitu Light Blue dan BlackXiaomi Redmi A1 dilengkapi dengan sistem kamera ganda 8MP di bagian belakang dilengkapi algoritma pemrosesan gambar pintar untuk merekam semua cerita kamu. Xiaomi Redmi A1 dilengkapi juga dengan kamera depan 5MP setiap foto selfie akan merefleksikan keindahan kamu dengan mudah.Xiaomi Redmi A1 memiliki slot kartu SD khusus hingga 1TB, sehingga kamu bisa dengan mudah menyimpan banyak konten dengan ringkas.Xiaomi Redmi A1 mendapatkan pembaruan keamanan selama 2 tahun. Tingkatkan pengalaman kamu dengan sistem operasi yang aman, lancar, dan responsif. Menjalankan aplikasi atau beralih dari media sosial favorit ke game atau fotografi dengan cepat dan mudah.Xiaomi Redmi A1 didukung dengan sistem prosesor Android 12Isi Kemasan        Redmi A1/ Adaptor/ Kabel USB/ Alat pembuka SIM/ Kartu garansi/ Panduan pengguna"
Xiaomi Redmi 10 6/128 GB Garansi Resmi	0	1656000	jikalaku	https://www.tokopedia.com/jikalaku/xiaomi-redmi-10-6-128-gb-garansi-resmi-white?extParam=cmp%3D1%26ivf%3Dfalse	data:image/png;base64,iVBORw0KGgoAAAANSUhEUgAAAHgAAAB4CAQAAACTbf5ZAAAAiklEQVR42u3PMQEAAAwCoNm/9Cr4Cw3IjYmwsLCwsLCwsLCwsLCwsLCwsLCwsLCwsLCwsLCwsLCwsLCwsLCwsLCwsLCwsLCwsLCwsLCwsLCwsLCwsLCwsLCwsLCwsLCwsLCwsLCwsLCwsLCwsLCwsLCwsLCwsLCwsLCwsLCwsLCwsLCwsLCwsHDrASUpAHnJhbktAAAAAElFTkSuQmCC	REDMI 10 (2022) 6/128GBGaransi Resmi NOrepackUkuran layar: 6.5 inches, 102.0cm2, 1080 x 2400 pixels (~405 ppi density) LCD, 90HzMemori: RAM 6GB, ROM 128GB; microSDXC slotSistem operasi: Android 11; MIUI 12.5CPU: MediaTek Helio G88 (12nm), Octa-core (2x2.0 GHz Cortex-A75 & 6x1.8 GHz Cortex-A55)GPU: Mali-G52 MC2Kamera Belakang: 50 MP f/1.8 PDAF (wide), 8 MP f/2.2 120˚(ultrawide), 2 MP f/2.4 (macro), & 2 MP f/2.4 (depth)Kamera Depan: 8 MP f/2.0 (wide)SIM: Dual SIM (Nano-SIM, dual stand-by)Baterai: Li-Po 5000 mAh, non-removableBerat: 181 gr
Apple iPhone 13 128GB | 256GB | 512GB - Garansi Resmi iBox Apple Indo	5	11424000	Universe Store	https://www.tokopedia.com/universestore/apple-iphone-13-128gb-256gb-512gb-garansi-resmi-ibox-apple-indo-green-128gb?extParam=cmp%3D1%26ivf%3Dfalse	data:image/png;base64,iVBORw0KGgoAAAANSUhEUgAAAHgAAAB4CAQAAACTbf5ZAAAAiklEQVR42u3PMQEAAAwCoNm/9Cr4Cw3IjYmwsLCwsLCwsLCwsLCwsLCwsLCwsLCwsLCwsLCwsLCwsLCwsLCwsLCwsLCwsLCwsLCwsLCwsLCwsLCwsLCwsLCwsLCwsLCwsLCwsLCwsLCwsLCwsLCwsLCwsLCwsLCwsLCwsLCwsLCwsLCwsLCwsHDrASUpAHnJhbktAAAAAElFTkSuQmCC	"Garansi Resmi Apple Indonesia 1 Tahun Dapatkan keuntungan dengan membeli di toko kami :  1. Garansi Tukar Baru 1x24 jam dari diterima oleh pembeli apabila ada cacat pabrik / fungsi yang tidak berfungsi dari pabrik ketika buka segel langsung kami ganti baru , syarat ketentuan ada di catatan toko2. Gratis / Free biaya Asuransi pengiriman untuk order di toko kami3. Semua pengiriman sudah kami packing dengan aman4. Jaminan Uang kembali utuh 100% apabila produk tidak sesuai dengan deskripsi / keterangan100% Original Baru dan Segel Asli Apple GreenpeelImei Terdaftar Resmi di KemenperinIsi Kotak :• iPhone dengan iOS 15.• Kabel USB-C ke Lightning.• Buku Manual dan dokumentasi lain.Spesifikasi :Jaringan GSM / HSPA / LTE / 5GSistem Operasi iOS 15Prosesor Apple A15 Bionic (5 nm), Hexa-core (2x3.22 GHz Avalanche + 4xX.X GHz Blizzard)GPU Apple GPU (4-core graphics)RAM 4 GBUkuran Layar 6.1 inchTipe Layar Super Retina XDR OLED, HDR10, Dolby Vision, 800 nits (HBM), 1200 nits (peak)Resolusi Layar 1170 x 2532 pixelsKamera Belakang 12 MP, f/1.6, 26mm (wide), 1.7µm, dual pixel PDAF, sensor-shift OIS12 MP, f/2.4, 120˚, 13mm (ultrawide)Kamera Depan 12 MP, f/2.2, 23mm (wide), 1/3.6""SL 3D, (depth/biometrics sensor)Fitur Kamera Dual-LED dual-tone flash, HDR (photo/panorama)Audio Stereo speakersWLAN Wi-Fi 802.11 a/b/g/n/ac/6, dual-band, hotspotBluetooth 5.0, A2DP, LEGPS Yes, with A-GPS, GLONASS, GALILEO, BDS, QZSSSensor Face ID, accelerometer, gyro, proximity, compass, barometer, Siri natural language commands and dictation, Ultra Wideband (UWB) supportBaterai 3240 mAhPengisian Daya Fast charging (23W, unofficial rating), 50% in 30 min (advertised)USB Power Delivery 2.0MagSafe wireless charging 15WQi magnetic fast wireless charging 7.5WSlot Memori Eksternal NoSIM Single Nano SIM + EsimBerat 174 grDimensi 146.7 x 71.5 x 7.65 mmLainnya Material Glass front (Gorilla Glass), glass back (Gorilla Glass), aluminum fr"
Xiaomi Official Redmi Note 12 50MP Triple Kamera 120Hz AMOLED NFC IP53	4.9	2498000	Xiaomi Official Store	https://www.tokopedia.com/xiaomi/xiaomi-official-redmi-note-12-50mp-triple-kamera-120hz-amoled-nfc-ip53-onyx-grey-8-128gb-607b0?extParam=cmp%3D1%26ivf%3Dfalse	data:image/png;base64,iVBORw0KGgoAAAANSUhEUgAAAHgAAAB4CAQAAACTbf5ZAAAAiklEQVR42u3PMQEAAAwCoNm/9Cr4Cw3IjYmwsLCwsLCwsLCwsLCwsLCwsLCwsLCwsLCwsLCwsLCwsLCwsLCwsLCwsLCwsLCwsLCwsLCwsLCwsLCwsLCwsLCwsLCwsLCwsLCwsLCwsLCwsLCwsLCwsLCwsLCwsLCwsLCwsLCwsLCwsLCwsLCwsHDrASUpAHnJhbktAAAAAElFTkSuQmCC	Xiaomi Official Redmi Note 12Xiaomi Official Store Garansi Resmi, IMEI Resmi Terdaftar di IMEI KEMENPERINSemua model Redmi Note 12 menampilkan layar OLED yang mengesankan dan menarik. Tonton konten favorit kamu menjadi hidup dengan produksi ulang warna hitam dan cerah yang sempurna. 2400 x 1800 FHD+, 1150nits Kecerahan Maksimal, DCI-P3 Gamut warna lebar, Netflix HD Tersertifikasi, 4.500.000:1 Rasio kontras.Nikmati pengalaman mulus tak tertandingi dengan kecepatan refresh rate hingga 120 Hz, baik saat bermain game atau menjelajahi media sosial. Mendukung 3 refresh rate (60Hz/90Hz/120Hz) untuk pengalaman visual yang lebih halus dan konsumsi energi yang rendah. Nikmati desain presisi yang mempertimbangkan keamanan dan perlindungan mata kamu. 4096 level penyesuaian kecerahan memungkinkan peredupan layar menjadi lebih lembut dan halus. Saat pencahayaan sekitar tiba-tiba berubah, kecerahan layar disesuaikan dengan perlahan tanpa menyebabkan silau. Mode Membaca & Layar dengan SGS Eye Care.Dibuat pada proses 6nm layaknya ponsel flagship, performa Redmi Note 12 lebih ditingkatkan dengan Snapdragon 685 6nm yang kuat dari Qualcomm. Kombinasi RAM LPDDR4X dan ROM UFS 2.2 memungkinkan perangkat kamu melakukan banyak tugas sekaligus. Sampai dengan 8 GB RAM, Sampai dengan 128 ROM.Diaktifkan oleh teknologi Mi-FC dan MMT, isi daya dengan cepat menggunakan pengisian cepat 33W. Baterai berkapasitas tinggi 5000mAh. Smartphone ini memiliki daya tahan baterai super panjang hingga 1,35 hari, mudah digunakan sepanjang hari tanpa kendala. 31 jam telepon, 9 jam bermain game, 21 jam pemutaran video.Abadikan dunia dari setiap sudut dengan tiga kamera yang menampilkan lensa utama beresolusi tinggi, lensa ultra-wide, dan lensa makro. 50MP kamera utama, 8MP Ultra-wide, 2MP kamera makro.Warna trendi dengan desain tipis dan elegan. Ramping, ringan, dan nyaman untuk dipegang.Fitur lain yang bermanfaat. Soket headphone 3,5 mm, Sensor sidik jari di samping, IR Blaster, IP53.
Samsung Galaxy S21 FE 5G 8/128GB	0	6999000	Samsung Official Store	https://ta.tokopedia.com/promo/v1/clicks/8a-xgVY2gmUEH_eFH_Hd6_Upbm-xgVY789CBUsthbm-Orfua9fBjUstiHmUDUSz2Q31i6sJRHAn7HpKfo_KDUMoFyaUEH_KOHmFircYpq9z2Qfdi6syDUMVDgaUEUMoxPcuSQR-N9f-N9RCaQfzOyReibm-XP3Oig9-wQfgwy3zpUsthoZFiQSuWyMua9fVjrOYag9Ji6sJObm-sy9zwq3zpUs2Qos1DHseDHpnOoV7DUMNwyfVXgcBjy9zB9fVjraUEH_eFbm-xyBY7g9o7Usti_iUDUSC5rRzwy3hSUstigcuMUiFiPMuarfB5QiUEUSyaUiFiy3zwrfo5rM1i6sHfHZdpHp1fH_HaoA1FHAyfbm-pHOYDQfri6i-B812kgJxGgBBXZSgjH7NDZ325q1O2oACvzJ1a_uzsHjNJyRP6ucr7_32oHJB2PfBgHO-N3Ao6QVByZM2xe7jfZ320P1OkypCoucWE_BzzoJOEgpoozcDaZ3BRq3JausujHsBN3jyN8Bja69Bq17jfZ32Cq1hAZSuiHsuk3Bo-ojBk3MxoqjBE_OPqqJh1gcOqzco7_jPZq1Y_H3x68Mrp_VzgouBkZMOoHjND332jqOBNZ9o-Q_BNyuPjrc-D63Wq3J-MyuPzq1Y2Z9P-q9P2ysoGrVtaQIuyH7-Nys-ZHujp1MgxuOV2_fB-P7B2PfBiH72F3s-DPuKp_MYiH7-MyuPzq1Y2Z9P-q9P2yOx3QcoXQcgjz7gXyRB-ojBD6IB6zsxR3I2mgjOc63gozsxR3I2mgjOAZ9o-QjNkysoGQVKaZSBiHfzE3Bo-ojBk__-o1pzE_92uHjO1_9B6zVuR_1zgHjB2PfBsHjNfyfO3gMHauMxsQ1N5Z325q1NkZ92Hqjj7_32sH1O1gp-vuJ7p_jzzq3gzv_7ibm-sQIupPcua9fBj9RyaUstpH_yNoiFirI-2yfuwyMBjUsth6A1Fbm-SQfVD9fBjUstpwe?dv=desktop&pub_id=0&ob=5&management_type=1&t=desktop&src=directory&r=https%3A%2F%2Fwww.tokopedia.com%2Fsamsung%2Fsamsung-galaxy-s21-fe-5g-8-128gb-olive%3Fsrc%3Dtopads&pub_unit=0&pub_domain=0&page=1	data:image/png;base64,iVBORw0KGgoAAAANSUhEUgAAAHgAAAB4CAQAAACTbf5ZAAAAiklEQVR42u3PMQEAAAwCoNm/9Cr4Cw3IjYmwsLCwsLCwsLCwsLCwsLCwsLCwsLCwsLCwsLCwsLCwsLCwsLCwsLCwsLCwsLCwsLCwsLCwsLCwsLCwsLCwsLCwsLCwsLCwsLCwsLCwsLCwsLCwsLCwsLCwsLCwsLCwsLCwsLCwsLCwsLCwsLCwsHDrASUpAHnJhbktAAAAAElFTkSuQmCC	
Samsung Galaxy M23 5G 6/128GB	0	3013500	Samsung Official Store	https://ta.tokopedia.com/promo/v1/clicks/8a-xgVY2gmUEH_yFop1NHpKpbm-xgVY789CBUsthbm-Orfua9fBjUstiHmUDUSz2Q31i6sJRHAn7HpKfo_KDUMoFyaUEH_nFHmFircYpq9z2Qfdi6srDUMVDgaUEUMoxPcuSQR-N9f-N9RCaQfzOyReibm-XP3Oig9-wQfgwy3zpUsthoZFiQSuWyMua9fVjrOYag9Ji6sJObm-sy9zwq3zpUs2Qos1DHseDHpnOoV7DUMNwyfVXgcBjy9zB9fVjraUEH_eFbm-xyBY7g9o7Usti_iUDUSC5rRzwy3hSUstigcuMUiFiPMuarfB5QiUEUSyaUiFiy3zwrfo5rM1i6sH76mdR6AJFoAyhHsyOHsKDUSHp9fh5gaUEUMuNZM2jZJ2M33NGPMep_Mh-qMY2_uH7H1OJ__o6ucWE_OzSHJY139B6zJJhZ3BRqujp1SByH7ND3uxGqMVAZ_g-qjOO_jz0HjN1e926zcDa_BzC8jNJqp-681BpZ3O7QcuygIgsQu-Myp-6PMoWu3Bvq1BRZ3BRq3-W69ugHBu2_fB-HBB1Z9Bo8MhW3uHFHO2W1_oHuV-03320PVB1ypz68_na_OP-8u2k_M2qu7jp3jPoq1hAZSgsQ3hXyurOgB2IuSPyHMh0Z325q1OAZ9o-Q_BNyuPjrc-D69PsQ_B0gVP6HVKaQcW-qMY2_1o-r7BW69BxufzFyMFN8MVI69PyHMh0Z325q1OAZ9o-Qjyh3BxGouKp1MxqH7O2_fBGgjOk1MgozsxR3I2mgBxEeMgozsxR3I2Cq1hAZS2gHsBN3ByNq3oW6_osHBu2_fB-8jNJgRu68MPd_1zzHjO1Z_-6uJj7Z3BRq3Ha_SgsQugMyp-3qcoW_MY-qMY2_Bz0P7hkqRP6uJBd_1z-o1Okz_oozcW2gBJYvZUDUMoDP9o7g9-wq3zwPsUi6sHhosjfbm-FrMBsguYiq3ei6sJFHAnDUMP5y3hwq3ei6soY?t=desktop&pub_domain=0&r=https%3A%2F%2Fwww.tokopedia.com%2Fsamsung%2Fsamsung-galaxy-m23-5g-6-128gb-orange-copper%3Fsrc%3Dtopads&page=1&dv=desktop&src=directory&management_type=1&ob=5&pub_id=0&pub_unit=0	data:image/png;base64,iVBORw0KGgoAAAANSUhEUgAAAHgAAAB4CAQAAACTbf5ZAAAAiklEQVR42u3PMQEAAAwCoNm/9Cr4Cw3IjYmwsLCwsLCwsLCwsLCwsLCwsLCwsLCwsLCwsLCwsLCwsLCwsLCwsLCwsLCwsLCwsLCwsLCwsLCwsLCwsLCwsLCwsLCwsLCwsLCwsLCwsLCwsLCwsLCwsLCwsLCwsLCwsLCwsLCwsLCwsLCwsLCwsHDrASUpAHnJhbktAAAAAElFTkSuQmCC	
Samsung Galaxy M54 5G 8/256GB	0	6499000	Samsung Official Store	https://ta.tokopedia.com/promo/v1/clicks/8a-xgVY2gmUEHsndHsn7op17bm-xgVY789CBUsthbm-Orfua9fBjUstiHmUDUSz2Q31i6sJRHAn7HpKfo_KDUMoFyaUEHs1FHmFircYpq9z2Qfdi6sKDUMVDgaUEUMoxPcuSQR-N9f-N9RCaQfzOyReibm-XP3Oig9-wQfgwy3zpUsthoZFiQSuWyMua9fVjrOYag9Ji6sJObm-sy9zwq3zpUs2Qos1DHseDHpnOoV7DUMNwyfVXgcBjy9zB9fVjraUEH_eFbm-xyBY7g9o7Usti_iUDUSC5rRzwy3hSUstigcuMUiFiPMuarfB5QiUEUSyaUiFiy3zwrfo5rM1i6sHOHid7osndH_JF6_npopedbm-pHOYDQfri6i-B812kgJxGgBBXZSgjH7NDZ325q1O2oAVvzcrO_OzgH7Nk__o6uVVR_jzuHjB2PfBgHO-N3Ao6QVByZM2xe7jfZ32gP1NkgpVoqj7a_S2goJYJe9BoqjjOZ3BRq3JausujHsBN3jyN8Bja69Bq17jfZ32Cq1hAZSuiHsuk3Bo-ojBk3MxoqjBE_OPqqJh1gcOqzco7_jPZq1Y_H3x68Mrp_VzgouBkZMOoHjND332jqOBNZ9o-Q_BNyuPjrc-D63Wq3J-MyuPzq1Y2Z9P-q9P2ysoGrVtaQIuyH7-Nys-ZHujp1MgxuOV2_fB-P7B2PfBiH72F3s-DPuKp_MYiH7-MyuPzq1Y2Z9P-q9P2yOx3QcoXQcgjz7gXyRB-ojBD6IB6zsxR3I2mgjOc63gozsxR3I2mgjOAZ9o-QjNkysoGQVKaZSBiHfzE3Bo-ojBk__Voq_eF_M2CoJO1z9PvuJVE_S2zoJB2PfBsHjNfyfO3gMHauMxsQ1N5Z325q1N1ypzHqBuN_M2oHjOkqRBo8jjO_1z-q3gzv_7ibm-sQIupPcua9fBj9RyaUstpH_yNoiFirI-2yfuwyMBjUstao_nFbm-SQfVD9fBjUstpwe?page=1&src=directory&pub_id=0&management_type=1&r=https%3A%2F%2Fwww.tokopedia.com%2Fsamsung%2Fsamsung-galaxy-m54-5g-8-256gb-silver-5d626%3Fsrc%3Dtopads&ob=5&pub_unit=0&t=desktop&dv=desktop&pub_domain=0	data:image/png;base64,iVBORw0KGgoAAAANSUhEUgAAAHgAAAB4CAQAAACTbf5ZAAAAiklEQVR42u3PMQEAAAwCoNm/9Cr4Cw3IjYmwsLCwsLCwsLCwsLCwsLCwsLCwsLCwsLCwsLCwsLCwsLCwsLCwsLCwsLCwsLCwsLCwsLCwsLCwsLCwsLCwsLCwsLCwsLCwsLCwsLCwsLCwsLCwsLCwsLCwsLCwsLCwsLCwsLCwsLCwsLCwsLCwsHDrASUpAHnJhbktAAAAAElFTkSuQmCC	
Samsung Galaxy A34 5G 8/256GB	0	4999000	Samsung Official Store	https://ta.tokopedia.com/promo/v1/clicks/8a-xgVY2gmUEH_KRH_jN6_epbm-xgVY789CBUsthbm-Orfua9fBjUstiHmUDUSz2Q31i6sJRHAn7HpKfo_KDUMoFyaUEH_UOHmFircYpq9z2Qfdi6sjDUMVDgaUEUMoxPcuSQR-N9f-N9RCaQfzOyReibm-XP3Oig9-wQfgwy3zpUsthoZFiQSuWyMua9fVjrOYag9Ji6sJObm-sy9zwq3zpUs2Qos1DHseDHpnOoV7DUMNwyfVXgcBjy9zB9fVjraUEH_eFbm-xyBY7g9o7Usti_iUDUSC5rRzwy3hSUstigcuMUiFiPMuarfB5QiUEUSyaUiFiy3zwrfo5rM1i6sHpoidhoAUOH_r7HsUa6AH7bm-pHOYDQfri6i-B812kgJxGgBBXZSgjH7NDZ325q1O2oIP6zJJ7_uzg8jOk3_Vo8jJa_uz-8jB2PfBgHO-N3Ao6QVByZM2xe7jfZ32oP1Nku_z6uJ7a_BzSH1OE3_VvzVuE_jo-r7BWPchB3czfyfOZgMHa_SgsQuu2_fB-P7B2PfBiQ_BO3_-uq1Y2Z_-guJBN_92DQuB_HAoqQuJp_VzZqOBkqRzgucH7_SjFHjY9Z9BqqjNk3BP-HO2I_3BHe72fyfODQMV9o3gqzOgR3A-Dq7BkQfBoe7BpZ37N83V9gICiQABRyf7Nqfz9_sCyHMh0Z325q1OAZ9o-Q_BNyuPjrc-D692xzpBR3A-Dq7BkQfBoe7BpZ3NcHu2yZsuyHO-t3sooq1Y2ZMgoqB-M_1ydPOxEeMgy8j-M_1ydPOxEe3BHe72E3_UN8u2363BsQ_jpyp-uq1Y2Z92o8BBO_uzz81N1z_o6zJBN_32S8jNAZ9o-QjNkysoGQVKp_Mhg3J2ky1o-ojBku_o6q_ep_OzoH7O11_-6uJ17_uzVH7BXHA7ibm-sQIupPcua9fBj9RyaUstpH_yNoiFirI-2yfuwyMBjUsthHs1Fbm-SQfVD9fBjUstpwe?r=https%3A%2F%2Fwww.tokopedia.com%2Fsamsung%2Fsamsung-galaxy-a34-5g-8-256gb-awesome-lime-d1bf1%3Fsrc%3Dtopads&page=1&dv=desktop&management_type=1&t=desktop&src=directory&pub_domain=0&ob=5&pub_unit=0&pub_id=0	data:image/png;base64,iVBORw0KGgoAAAANSUhEUgAAAHgAAAB4CAQAAACTbf5ZAAAAiklEQVR42u3PMQEAAAwCoNm/9Cr4Cw3IjYmwsLCwsLCwsLCwsLCwsLCwsLCwsLCwsLCwsLCwsLCwsLCwsLCwsLCwsLCwsLCwsLCwsLCwsLCwsLCwsLCwsLCwsLCwsLCwsLCwsLCwsLCwsLCwsLCwsLCwsLCwsLCwsLCwsLCwsLCwsLCwsLCwsHDrASUpAHnJhbktAAAAAElFTkSuQmCC	
Official Xiaomi 13T co-engineered with Leica (12+256GB)	0	6499000	Xiaomi Official Store	https://ta.tokopedia.com/promo/v1/clicks/8a-xgVY2gmUEHsn7o_eaosrfbm-xgVY789CBUsthbm-Orfua9fBjUstiHmUDUSz2Q31i6sJRHAn7HpKfo_KDUMoFyaUE6AnFbm-FQRo2PcB5QiUEH_nDUMVDgaUEUMoxPcuSQR-N9f-N9RCaQfzOyReibm-XP3Oig9-wQfgwy3zpUsthoZFiQSuWyMua9fVjrOYag9Ji6sJObm-sy9zwq3zpUs2Qos1DHseDHpnOoV7DUMNwyfVXgcBjy9zB9fVjraUEH_eFbm-xyBY7g9o7Usti_iUDUSC5rRzwy3hSUstigcuMUiFiPMuarfB5QiUEUSyaUiFiy3zwrfo5rM1i6sHf6ZddHsjhH_Hd6AJaHsypoiFirpowQcYSUstig9BGqMzUZMggQj2fgAo6QJBkQfBo1pep_jzSo1OJ3_uo8jOd_M2gH7NEe_--q9P23_oZ8uKp_Mhg3J2ky1o-ojBkyRu68jBN_S2s81Okypooqjjp_S2-81N_Z9o-Q9zDguxjPMoW1MgsHjNfyfOuq1Y2Z9P-q9P2yM7NPujau3Bvq1ja3uz-81OEQcOg1pnp3MOzH7h11MWgqMW73uzsoJNNHA-vu7BN3M26qB29Z_oqz7O2_JoGPMoWQcNxupuM3jP3POKaQcW-qMY2_1o-r7BW69BxufzFyMFNPfoW63Wju7dF3A-Dq7BkQfBoe7BpZ37N83V9gICiQABEy1rNPOKaQcW-qMY2_1o-r7BXzsVq3JtO3AoZqVtp_3Bvq12M_32ZgjOc6IPy8j-M3I2mgjOc6IPy8jV2_JoG8Bja69BqusB2yf7NHfHau3Bvq1BE_M20P1YJZ_uouJuE_7zS8JOkZ_-o8BB2_JoG8Bja69BqusBE3BPc8ujagfBvq1jh_S2CP1Y1yR268Bjp_uzzHJN1z9xoq1tNUiFiyfhOrRzBrBY2gVYfHiUEoAHR6ArDUSCaq3oB9f-2gmUE6AnFbm-SQfVD9fBjUstpwe?page=1&management_type=1&dv=desktop&src=directory&pub_id=0&pub_domain=0&t=desktop&r=https%3A%2F%2Fwww.tokopedia.com%2Fxiaomi%2Fofficial-xiaomi-13t-co-engineered-with-leica-12-256gb-green-proteksi-3abc1%3Fsrc%3Dtopads&ob=5&pub_unit=0	data:image/png;base64,iVBORw0KGgoAAAANSUhEUgAAAHgAAAB4CAQAAACTbf5ZAAAAiklEQVR42u3PMQEAAAwCoNm/9Cr4Cw3IjYmwsLCwsLCwsLCwsLCwsLCwsLCwsLCwsLCwsLCwsLCwsLCwsLCwsLCwsLCwsLCwsLCwsLCwsLCwsLCwsLCwsLCwsLCwsLCwsLCwsLCwsLCwsLCwsLCwsLCwsLCwsLCwsLCwsLCwsLCwsLCwsLCwsHDrASUpAHnJhbktAAAAAElFTkSuQmCC	
REDMI10C 4/128 garansi resmi	5	1250000	hapehapeku21	https://www.tokopedia.com/hapehapeku/redmi10c-4-128-garansi-resmi-hijau?extParam=ivf%3Dfalse	data:image/png;base64,iVBORw0KGgoAAAANSUhEUgAAAHgAAAB4CAQAAACTbf5ZAAAAiklEQVR42u3PMQEAAAwCoNm/9Cr4Cw3IjYmwsLCwsLCwsLCwsLCwsLCwsLCwsLCwsLCwsLCwsLCwsLCwsLCwsLCwsLCwsLCwsLCwsLCwsLCwsLCwsLCwsLCwsLCwsLCwsLCwsLCwsLCwsLCwsLCwsLCwsLCwsLCwsLCwsLCwsLCwsLCwsLCwsHDrASUpAHnJhbktAAAAAElFTkSuQmCC	"Redmi 10Casuransi bila tidak dicentang berarti buyer tau ada resiko berani ditanggung.tdk ada alasan debat2 dan pusat resolusimembeli =setujuPerformance • Snapdragon® 680 - 6nm manufacturing process - CPU : Octa-core CPU, up to 2.4GHz - GPU : Qualcomm® Adreno"" 610 GPU • LPDDR4X + UFS 2.2 storage - 4+128GB - Expandable storage up to 1TB • MIUl 13, based on Android 11 •Camera •50MP+2MP rear camera • 50MP main camera - f/1.8 - 4-in-1 pixel binning • 2MP depth camera - f/2.4 • 5MP front camera - f/2.2 Display & Design • 6.71 HD+ Dot Drop display - Sunlight display, Reading mode, Color temperature adjustment - Resolution: 1650x720 HD+ - Supports Netflix HD and Prime HD • Available colors: Graphite Gray, Ocean Blue, Mint Green • Dimensions: 169.59 mm x 76.56 mm x 8.29 mm • Weight: 190g • Curved unibody design • Corning® Gorilla® Glass 3 front Battery & Charging • 5.000mAh (typ) battery • Supports 18W fast charging • 10W in-box charger • USB-C Audio • 3.5mm headphone jack Security • Rear fingerprint sensor • Al face unlock Connectivity • Dual SIM + MicroSD • Bands: 2G: GSM: 850 900 1800 1900MHz 3G: WCDMA: 1/2/4/5/8 4G: LTE FDD:1/2/3/4/5/7/8/20/28 4G: LTE TDD: 38/40/41 (B41 2535-2655MHz) • Wireless Network - Wi-Fi Protocol: 802.11a/b/g/n/ac • Bluetooth 5.0"
XIAOMI OFFICIAL Xiaomi 12T 5G	4.9	5699000	Xiaomi Official Store	https://www.tokopedia.com/xiaomi/xiaomi-official-xiaomi-12t-5g-black-proteksi-8-256gb-2cee7?extParam=cmp%3D1%26ivf%3Dfalse	data:image/png;base64,iVBORw0KGgoAAAANSUhEUgAAAHgAAAB4CAQAAACTbf5ZAAAAiklEQVR42u3PMQEAAAwCoNm/9Cr4Cw3IjYmwsLCwsLCwsLCwsLCwsLCwsLCwsLCwsLCwsLCwsLCwsLCwsLCwsLCwsLCwsLCwsLCwsLCwsLCwsLCwsLCwsLCwsLCwsLCwsLCwsLCwsLCwsLCwsLCwsLCwsLCwsLCwsLCwsLCwsLCwsLCwsLCwsHDrASUpAHnJhbktAAAAAElFTkSuQmCC	"Xiaomi 12T 5GMasa Garansi : 24 BulanXiaomi Official Store Garansi Resmi, IMEI Resmi Terdaftar di IMEI KEMENPERINDengan kamera utama 108MP OIS yang ultra-jernih dan beresolusi tinggi, setup smartphone ini dilengkapi dengan berbagai pemutakhiran optik dan fitur malam terbaik untuk menyempurnakan pengalaman Anda di siang dan malam hari. Dilengkapi prosesor MediaTek Dimensity 8100-Ultra 5nm terbaik dan sistem pendingin terbesar yang pernah ada di Xiaomi T Series, ponsel ini siap mewujudkan keinginan Anda lebih cepat, lebih mulus, tanpa cepat panas. Daya baterai tahan untuk sepanjang hari hanya dalam 21 menit. Waktu yang diperlukan untuk menyiapkan dan menikmati espreso. HyperCharge 120W, terisi penuh dalam 21 menit*. Baterai berkapasitas 5000mAh. 42 fitur keamanan dan 9 sensor termal, yang melindungi konektor ke port dan baterai, dan menjamin 800 siklus pengisian daya.Perkenalkan layar AMOLED CrystalRes pertama kami, yang akan membawa Anda terhanyut dalam keindahan momen. Layar sejernih kristal dengan speaker stereo ganda Dolby Atmos hadir untuk mengabadikan momen terbaik Anda. Layar AMOLED 6,67"" CrystalRes. resolusi super 1220p, rasio kontras 5.000.000:1, dan densitas piksel 446 ppi. Meski layar ini memiliki tingkat kejernihan 27% lebih tinggi dibandingkan layar 1080p, konsumsi dayanya tetap sama.Setup speaker ganda Dolby Atmos mengalunkan audio stereo yang mantap dan makin memanjakan telinga. Film dan musik akan terdengar lebih seru berkat audio jernih berkualitas tinggi. Isi Kemasan:Xiaomi 12TAdaptorKabel USB Tipe-CAlat Pembuka SIMCasing PelindungPanduan Memulai CepatKartu GaransiHi Mi Fans,Demi kenyamanan dan keamanan berbelanja.. mohon bantu kami yaa.1. Menyertakan video unboxing ketika komplain2. Rekam video dengan jelas sebelum membuka paket3. Mohon maaf, kami tidak menerima video yang direkam setelah paket dibuka serta video editan atau terputus-putus4. Jangan lupa kasih review dan rate bintangnya ya"
IPHONE XR 64GB Second original mulus	4.9	3880000	yunishop00	https://www.tokopedia.com/yunishop00/iphone-xr-64gb-second-original-mulus-biru-64gb?extParam=ivf%3Dfalse	data:image/png;base64,iVBORw0KGgoAAAANSUhEUgAAAHgAAAB4CAQAAACTbf5ZAAAAiklEQVR42u3PMQEAAAwCoNm/9Cr4Cw3IjYmwsLCwsLCwsLCwsLCwsLCwsLCwsLCwsLCwsLCwsLCwsLCwsLCwsLCwsLCwsLCwsLCwsLCwsLCwsLCwsLCwsLCwsLCwsLCwsLCwsLCwsLCwsLCwsLCwsLCwsLCwsLCwsLCwsLCwsLCwsLCwsLCwsHDrASUpAHnJhbktAAAAAElFTkSuQmCC	FULLSETjaringan aman 100%Bisa pakai semua kartu / all providerReady stok iphone original 100%kemulusan unit 97-99%semua fungsi normal lancar jayaEx inter Global silent kameraKESEHATAN BH DIATAS 90%3utools random 95% - 100% ga bisa REQUESTLCD original bawaan 100%icloud kosong. bebas reset. bebas update Garansi 1 Bulan setelah barang diterimakecuali segel rusak / human errorFeedback negatif garansi hangus Fullset (lengkap) acc oemuntuk headset di pairing dulu kak konek bluetoothNote : perlengkapan aksesoris OEM artinya bukan original bawaan. seperti Adapter / Kabel / Headset tidak ada garansi
itel S23+ 256GB+16GB(8+8GB) - AMOLED CURVED - 32MP AI SELFIE - NFC	0	2140000	Itel Official Store	https://www.tokopedia.com/itelofficialstore/itel-s23-256gb-16gb-8-8gb-amoled-curved-32mp-ai-selfie-nfc-lake-cyan-5e671?extParam=cmp%3D1%26ivf%3Dfalse	data:image/png;base64,iVBORw0KGgoAAAANSUhEUgAAAHgAAAB4CAQAAACTbf5ZAAAAiklEQVR42u3PMQEAAAwCoNm/9Cr4Cw3IjYmwsLCwsLCwsLCwsLCwsLCwsLCwsLCwsLCwsLCwsLCwsLCwsLCwsLCwsLCwsLCwsLCwsLCwsLCwsLCwsLCwsLCwsLCwsLCwsLCwsLCwsLCwsLCwsLCwsLCwsLCwsLCwsLCwsLCwsLCwsLCwsLCwsHDrASUpAHnJhbktAAAAAElFTkSuQmCC	[NEW!] itel S23+ 256GB+16GB(8+8GB) - AMOLED CURVED - 32MP AI SELFIE - NFCBODY Dimension: 7.9 mm thicknessWeight : 178 g (6.28 oz)SIM : Dual SIM (Nano-SIM, dual stand-by)DISPLAY Type : AMOLED, 500 nits (peak)Size: 6.78 inches, 111.0 cm2Resolution: 1080 x 2400 pixels, 20:9 ratio (~388 ppi density)Protection: Corning Gorilla Glass 5Always-on displayMEMORY : 256GB+16GB(8+8GB) OS : Android 13, itel OS 13Chipset : Unisoc Tiger T616 (12 nm)CPU : Octa-core (2x2.0 GHz Cortex-A75 & 6x1.8 GHz Cortex-A55)GPU : Mali-G57 MP1MAIN CAMERA Dual : 50 MP, f/1.6, (wide), AF0.08 MPFeatures: LED flashVideo: 1080p@30fpsSELFIE CAMERA Single : 32 MPVideo : 1080p@30fpsSOUND Loudspeaker : Yes3.5mm jack :YesWLAN : YesBluetooth : YesNFC : Yes USB : USB Type-C 2.0, OTGSensors:  Fingerprint (under display, optical); unspecified sensorsBATTERY Type :Li-Po 5000 mAh, non-removableCharging: 18W wiredCOLORS : Lake Cyan , Elemental Blue- Isi Dalam Box :1 Unit itel S23+ (Without charger), 1 x Cable Data USB Type - C, 1 x SIM Ejector, 1 x Warranty Card, 1 x User Guide, 1 x Hard Case, 1 x Cable HeadsetFree Proteksi Gadget Selama periode Exclusive Launching, untuk Detail dan claim protection di link berikut : https://www.tokopedia.com/discovery/finansial-proteksi-produk
(RESMI) Samsung S21 Ultra 256GB 512GB Garansi Indonesia S21 Plus + S21	5	8999000	Putra Group	https://www.tokopedia.com/putragroup/resmi-samsung-s21-ultra-256gb-512gb-garansi-indonesia-s21-plus-s21-s22-128gb-phantom-black?extParam=ivf%3Dfalse	data:image/png;base64,iVBORw0KGgoAAAANSUhEUgAAAHgAAAB4CAQAAACTbf5ZAAAAiklEQVR42u3PMQEAAAwCoNm/9Cr4Cw3IjYmwsLCwsLCwsLCwsLCwsLCwsLCwsLCwsLCwsLCwsLCwsLCwsLCwsLCwsLCwsLCwsLCwsLCwsLCwsLCwsLCwsLCwsLCwsLCwsLCwsLCwsLCwsLCwsLCwsLCwsLCwsLCwsLCwsLCwsLCwsLCwsLCwsHDrASUpAHnJhbktAAAAAElFTkSuQmCC	READY STOCK & SIAP KIRIM BOSS!!- Garansi Resmi SEIN Indonesia - IMEI Tembus di Kemenperin pastinya- In the Box : Unit + Usb C Only ( not include adapter + earphone )- Sudah Support 5G Baca Ulasan kami disini :https://www.tokopedia.com/putragroup/reviewSekilas info Putra Group :1. Positif review 99 % dr 100 % kepuasan customer2. Sudah melayani 100,000 ++ customer secara online3. Garansi Resmi Samsung Indonesia 1 Tahun4. Brand new - Original - Segel5. After sales yg siap melayani anda selama 24 jamSamsung Adapterhttps://www.tokopedia.com/putragroup/etalase/samsung-adapterSamsung Galaxy Budshttps://www.tokopedia.com/putragroup/etalase/samsung-budsSamsung Watchhttps://www.tokopedia.com/putragroup/etalase/samsung-watchOther Samsung Acchttps://www.tokopedia.com/putragroup/etalase/other-samsung-acc
Infinix Hot 30i 8/128 GB Garansi Resmi 	5	1378000	duniagadgetku	https://www.tokopedia.com/duniagadgetku/infinix-hot-30i-8-128-gb-garansi-resmi-8-128-promo-b044d?extParam=cmp%3D1%26ivf%3Dtrue	data:image/png;base64,iVBORw0KGgoAAAANSUhEUgAAAHgAAAB4CAQAAACTbf5ZAAAAiklEQVR42u3PMQEAAAwCoNm/9Cr4Cw3IjYmwsLCwsLCwsLCwsLCwsLCwsLCwsLCwsLCwsLCwsLCwsLCwsLCwsLCwsLCwsLCwsLCwsLCwsLCwsLCwsLCwsLCwsLCwsLCwsLCwsLCwsLCwsLCwsLCwsLCwsLCwsLCwsLCwsLCwsLCwsLCwsLCwsHDrASUpAHnJhbktAAAAAElFTkSuQmCC	"Baru dan Segel ~Garansi Resmi ~IMEI Terdaftar ~Spesifikasi:- Processor : Mediatek Helio G37- Size : 6,6""- Resolution : 720 x 1612- Rear Camera Resolution : 50 MP- Front Camera Resolution : 5 MP- RAM : 8GB (Up to 16GB RAM (Including 8GB Extended RAM)- ROM : 128GB- Network Type : 4G- Operating System Android 12- 5000mAh Battery- 90Hz 6.6” HD+ True Bright Display- Side-mounted Fingerprint Unlock- Octa-Core Gaming Processor"
Infinix Note 12 8/128GB + 8/256GB Garansi Resmi	5	1695000	duniagadgetku	https://www.tokopedia.com/duniagadgetku/infinix-note-12-8-128gb-8-256gb-garansi-resmi-8-256-promo?extParam=cmp%3D1%26ivf%3Dtrue	data:image/png;base64,iVBORw0KGgoAAAANSUhEUgAAAHgAAAB4CAQAAACTbf5ZAAAAiklEQVR42u3PMQEAAAwCoNm/9Cr4Cw3IjYmwsLCwsLCwsLCwsLCwsLCwsLCwsLCwsLCwsLCwsLCwsLCwsLCwsLCwsLCwsLCwsLCwsLCwsLCwsLCwsLCwsLCwsLCwsLCwsLCwsLCwsLCwsLCwsLCwsLCwsLCwsLCwsLCwsLCwsLCwsLCwsLCwsHDrASUpAHnJhbktAAAAAElFTkSuQmCC	"Baru dan segel ~Garansi Resmi ~IMEI Terdaftar ~NETWORK Technology GSM / HSPA / LTELAUNCH Announced 2022, May 16Status Available. Released 2022, May 16BODY Dimensions 164.6 x 76.8 x 8 mm (6.48 x 3.02 x 0.31 in)Weight 185 g (6.53 oz)Build Glass front, plastic frame, plastic backSIM Dual SIM (Nano-SIM, dual stand-by)DISPLAY Type AMOLEDSize 6.7 inches, 108.4 cm2 (~85.7% screen-to-body ratio)Resolution 1080 x 2400 pixels, 20:9 ratio (~393 ppi density)PLATFORM OS Android 12, XOS 10.6Chipset Mediatek MT6781 Helio G96 (12 nm)CPU Octa-core (2x2.05 GHz Cortex-A76 & 6x2.0 GHz Cortex-A55)GPU Mali-G57 MC2MEMORY Card slot microSDXC (dedicated slot)Internal 128GB 8GB RAM, 256GB 8GB RAMMAIN CAMERA Triple 50 MP, f/1.6, (wide), 1/2.8"", 0.64µm, PDAF2 MP, f/2.4, (depth)QVGAFeatures Quad-LED flash, HDR, panoramaVideo 1440p@30fpsSELFIE CAMERA Single 16 MPVideo 1080p@30fpsSOUND Loudspeaker Yes, with dual speakers3.5mm jack YesCOMMS WLAN Wi-Fi 802.11 a/b/g/n/ac, dual-band, Wi-Fi Direct, hotspotBluetooth YesGPS Yes, with A-GPSNFC NoRadio FM radioUSB USB Type-C 2.0, USB On-The-GoFEATURES Sensors Fingerprint (side-mounted), accelerometer, gyro, proximity, compassBATTERY Type Li-Po 5000 mAh, non-removableCharging Fast Charging 33W"
Xiaomi Official Redmi 10 2022 4/64G Smartphone	4.9	1768000	Xiaomi Official Store	https://www.tokopedia.com/xiaomi/xiaomi-official-redmi-10-2022-4-64g-smartphone-sea-blue?extParam=cmp%3D1%26ivf%3Dfalse	data:image/png;base64,iVBORw0KGgoAAAANSUhEUgAAAHgAAAB4CAQAAACTbf5ZAAAAiklEQVR42u3PMQEAAAwCoNm/9Cr4Cw3IjYmwsLCwsLCwsLCwsLCwsLCwsLCwsLCwsLCwsLCwsLCwsLCwsLCwsLCwsLCwsLCwsLCwsLCwsLCwsLCwsLCwsLCwsLCwsLCwsLCwsLCwsLCwsLCwsLCwsLCwsLCwsLCwsLCwsLCwsLCwsLCwsLCwsHDrASUpAHnJhbktAAAAAElFTkSuQmCC	"Redmi 10 2022 4GB 64GB SmartphoneBonus Kuota Live.On selama setahun didapatkan JIKA membeli paket bundlingatau Khusus TUKAR TAMBAH dengan Laku6 (Jabodetabek), dapatkan EXTRA DISC 10% hingga 1.5jt* *syarat & ketentuan berlakuSpesifikasi:Penyimpanan & RAM4+64GBLPDDR4X +eMMCPenyimpanan memori dapat diperluas hingga 512GB*Konfigurasi yang tersedia berbeda-beda tergantung wilayah.DimensiTinggi: 161,95mmLebar: 75,53mmKetebalan: 8,92mmBerat: 181gLayarLayar AdaptiveSync 6,5"""" Rasio refresh: 90HzAdaptiveSync: 45/60/90Hz2400 x 1080, 405 ppiSunlight displayMode baca 3.0Corning Gorilla Glass 3ProsesorHelio G882 x Arm Cortex-A75 @ 2GHz6 x Arm Cortex-A55 @ 1,8GHzProses manufaktur 12nmGPU Arm Mali-G52Baterai & Pengisian DayaBaterai 5.000mAh (typ)Pengisian daya cepat 18WPengisian daya terbalik dengan kabel 9WPengisi daya dengan dudukan pengisian daya 22,5WUSB-CKamera50MP f/1,88MP kamera ultra-wide f/2,2 FOV 1202MP kamera makro f/2,42MP Sensor Depth f/2,4Kamera depan8MP kamera depanf/2,0KeamananSensor sidik jari di bagian sampingAI Face UnlockJaringan & KonektivitasSIM hybrid + MicroSD khususPenyimpanan dapat diperbesar hingga 512GBJaringan NirkabelBluetooth 5.1Mendukung Wi-Fi 2,4GHz/Wi-Fi 5GHzMendukung radio FMNavigasi & Penentuan PosisiGPS: L1Galileo: E1 | GLONASS | BeidouPenentuan posisi tambahan A-GPS | Kompas elektronik | Jaringan nirkabel | Jaringan dataAudioSpeaker gandaHeadphone jack 3,5mmSensorSensor jarak | Sensor cahaya ambien | Akselerometer | Kompas elektronik | Motor getaran | IR blasterUI dan sistemMIUI 12.5 berbasis Android 11Isi Kemasan:Perangkat | Adaptor | Kabel USB Tipe-C | Alat Pembuka SIM | Casing Pelindung | Panduan Memulai Cepat | Kartu Garansi"
Infinix Note 30 8/256 GB Garansi Resmi	5	1968000	duniagadgetku	https://www.tokopedia.com/duniagadgetku/infinix-note-30-8-256-gb-garansi-resmi-8-256-promo?extParam=cmp%3D1%26ivf%3Dtrue	data:image/png;base64,iVBORw0KGgoAAAANSUhEUgAAAHgAAAB4CAQAAACTbf5ZAAAAiklEQVR42u3PMQEAAAwCoNm/9Cr4Cw3IjYmwsLCwsLCwsLCwsLCwsLCwsLCwsLCwsLCwsLCwsLCwsLCwsLCwsLCwsLCwsLCwsLCwsLCwsLCwsLCwsLCwsLCwsLCwsLCwsLCwsLCwsLCwsLCwsLCwsLCwsLCwsLCwsLCwsLCwsLCwsLCwsLCwsHDrASUpAHnJhbktAAAAAElFTkSuQmCC	"Baru dan Segel ~Garansi Resmi ~IMEI Terdaftar ~NETWORK Technology GSM / HSPA / LTELAUNCH Announced 2023, May 22Status Available. Released 2023, May 22BODY Dimensions 168.6 x 76.6 x 8.6 mm (6.64 x 3.02 x 0.34 in)Weight 219 g (7.72 oz)Build Glass front, plastic frame, glass or leather backSIM Dual SIM (Nano-SIM, dual stand-by)DISPLAY Type IPS LCD, 120Hz, 580 nits (peak)Size 6.78 inches, 109.2 cm2 (~84.5% screen-to-body ratio)Resolution 1080 x 2460 pixels (~396 ppi density)PLATFORM OS Android 13Chipset Mediatek MT8781 Helio G99 (6nm)CPU Octa-core (2x2.2 GHz Cortex-A76 & 6x2.0 GHz Cortex-A55)GPU Mali-G57 MC2MEMORY Card slot microSDXC (dedicated slot)Internal 128GB 8GB RAM, 256GB 8GB RAM  UFSMAIN CAMERA Triple 64 MP, f/1.7, (wide), 1/2"", 0.7µm, PDAF2 MP, f/2.4, (depth)QVGAFeatures Quad-LED flash, HDR, panoramaVideo 1440p@30fps, 1080p@30/60fpsSELFIE CAMERA Single 16 MP, f/2.0, (wide)Features LED flash, HDRVideo 1080p@30fpsSOUND Loudspeaker Yes, with dual speakers3.5mm jack Yes  Tuned by JBLCOMMS WLAN Wi-Fi 802.11 a/b/g/n/ac, dual-band, Wi-Fi DirectBluetooth YesPositioning GPSNFC Yes (market/region dependent)Radio FM radioUSB USB Type-C 2.0, OTGFEATURES Sensors Fingerprint (side-mounted), accelerometer, gyro, proximity, compassBATTERY Type Li-Po 5000 mAh, non-removableCharging 45W wired"
XIAOMI REDMI 9C RAM 4 64 RAM 3 32 REDMI 9A RAM 3 32 RAM 2 32 GRS RESMI	4.9	1099000	ALFASTORE-	https://www.tokopedia.com/alfastore-1/xiaomi-redmi-9c-ram-4-64-ram-3-32-redmi-9a-ram-3-32-ram-2-32-grs-resmi-9a-2-32-non-gift?extParam=ivf%3Dfalse	data:image/png;base64,iVBORw0KGgoAAAANSUhEUgAAAHgAAAB4CAQAAACTbf5ZAAAAiklEQVR42u3PMQEAAAwCoNm/9Cr4Cw3IjYmwsLCwsLCwsLCwsLCwsLCwsLCwsLCwsLCwsLCwsLCwsLCwsLCwsLCwsLCwsLCwsLCwsLCwsLCwsLCwsLCwsLCwsLCwsLCwsLCwsLCwsLCwsLCwsLCwsLCwsLCwsLCwsLCwsLCwsLCwsLCwsLCwsHDrASUpAHnJhbktAAAAAElFTkSuQmCC	"Khusus untuk varian bertanda PROMO. Jika warna tidak tersedia maka akan kami kirim ""RANDOM"" ya ka. Terimakasihh :)HI selamat datang di toko kami :) Kami adalah salah satu Distributor khusus HP Bergaransi RESMI(kami ada TOKO OFFLINE) Barang dijamin ORIGINAL dan barang PASTI BARU semua produk ber GARANSI RESMI dan IMEI TERDAFTAR:PENTING!!! HARAP DIBACA SEBELUM MEMBELI :1.HARAP CHAT DULU SEBELUM PEMBAYARAN(TANYAKAN YG JELAS KETERSEDIAAN WARNA/GIFT/PROMO/DLL) 2.GRATIS ONGKIR DAN ASURANSI PENGIRIMAN PENGIRIMAN3.GARANSI TOKO/RETUR BISA DIBACA SYARATNYA DI CATATAN TOKO KAMI(WAJIB ADA VIDEO UNBOXING YANG JELAS) FAST RESPON WA DI #Nol-813-8596-7878Pengiriman : SETIAP HARI (SENIN-MINGGU FULL)- SAMEDAY sebelum - Jam 14:00 (Anteraja):- INSTAN sebelum - Jam 19:00:- REGULAR sebelum - Jam 18:00:- JAM AKTIF :08:00-20:00:NOTE:- ORDER MAKSIMAL 1 JAM SEBELUM JAM PICKUP KURIR- LANGSUNG DIKIRIM HARI YANG SAMA"
Oppo A37 RAM 2/16 Garansi Distributor 1 Tahun - Black & Gold	4.8	385000	tami_cell	https://www.tokopedia.com/tamicell1/oppo-a37-ram-2-16-garansi-distributor-1-tahun-black-gold-merah-muda-2-16-gb?extParam=ivf%3Dfalse	data:image/png;base64,iVBORw0KGgoAAAANSUhEUgAAAHgAAAB4CAQAAACTbf5ZAAAAiklEQVR42u3PMQEAAAwCoNm/9Cr4Cw3IjYmwsLCwsLCwsLCwsLCwsLCwsLCwsLCwsLCwsLCwsLCwsLCwsLCwsLCwsLCwsLCwsLCwsLCwsLCwsLCwsLCwsLCwsLCwsLCwsLCwsLCwsLCwsLCwsLCwsLCwsLCwsLCwsLCwsLCwsLCwsLCwsLCwsHDrASUpAHnJhbktAAAAAElFTkSuQmCC	Oppo A37 RAM 2/16 Garansi TokoReady :  Gold , Hitam, Rose GoldKelengkapan : Hp, charger, softcase, anti gores & manual book, BOXNO HEADSET/HANDSFREEMOHON KLIK DI MASING2 VARIAN WARNA, KAMI HANYA AKAN MENGIRIMKAN PRODUK SESUAI PILIHAN CHART VARIAN WARNA. BUKAN BERDASARKAN CHAT ATAUPUN KETERANGAN DI CATATAN. TERIMA KASIHSpesifikasi :-Jaringan : 2G/3G/4G/LTE-SIM : Dual SIM (Nano-SIM, dual stand-by)-Display : 5.0 inches 720 x 1280 pixels-RAM : 2GB-Memory Internal : 16GB-Memory External : microSD, up to 256 GB (dedicated slot)-Kamera Depan : 5MP-Kamera Belakang : 8MP-OS : Android OS, v5.1 (Lollipop)-Chipset : Qualcomm MSM8916 Snapdragon 410-CPU : Quad-core 1.2 GHz Cortex-A53-GPU : Adreno 306-Fingerprint : No-Battery : Non-removable Li-Ion 2630 mAh batteryBACALAH CATATAN TOKO SEBELUM MEMBELI/ORDER, MEMBELI = SETUJU ATAS KETENTUAN TOKO KAMI. TERIMA KASIH
Xiaomi Redmi Note 11 6/128 GB Garansi Resmi	5	2047000	Gudang-HP	https://www.tokopedia.com/gudang-hp/xiaomi-redmi-note-11-6-128-gb-garansi-resmi-promo-6-128?extParam=cmp%3D1%26ivf%3Dtrue	data:image/png;base64,iVBORw0KGgoAAAANSUhEUgAAAHgAAAB4CAQAAACTbf5ZAAAAiklEQVR42u3PMQEAAAwCoNm/9Cr4Cw3IjYmwsLCwsLCwsLCwsLCwsLCwsLCwsLCwsLCwsLCwsLCwsLCwsLCwsLCwsLCwsLCwsLCwsLCwsLCwsLCwsLCwsLCwsLCwsLCwsLCwsLCwsLCwsLCwsLCwsLCwsLCwsLCwsLCwsLCwsLCwsLCwsLCwsHDrASUpAHnJhbktAAAAAElFTkSuQmCC	"Ready StockVarian promo : untuk warna kita kirim sesuai stok tersediaJika warna yg diminta tersedia kami akan kirim , jika tidak ada kita kirim warna sesuai stokLINK TEMPEREDGLASS :https://www.tokopedia.com/gudang-hp/tempered-glass-xiaomi-note-11SIM Dual SIM (Nano-SIM, dual stand-by)DISPLAY Type AMOLED, 90Hz, 700 nits, 1000 nits (peak)Size 6.43 inches, 99.8 cm2 (~84.5% screen-to-body ratio)Protection Corning Gorilla Glass 3PLATFORM OS Android 11, MIUI 13Chipset Qualcomm SM6225 Snapdragon 680 4G (6 nm)CPU Octa-core (4x2.4 GHz Kryo 265 Gold & 4x1.9 GHz Kryo 265 Silver)GPU Adreno 610Internal  128GB 6GB RAMMAIN CAMERA Quad 50 MP, f/1.8, 26mm (wide), 1/2.76"", 0.64µm, PDAF8 MP, f/2.2, 118˚ (ultrawide), 1/4"", 1.12µm2 MP, f/2.4, (macro)2 MP, f/2.4, (depth)Features LED flash, HDR, panoramaVideo 1080p@30fpsSELFIE CAMERA Single 13 MP, f/2.4, (wide), 1/3.1"", 1.12µmVideo 1080p@30fpsBATTERY Type Li-Po 5000 mAh, non-removable"
OPPO A31 6/128 GARANSI 1 TAHUN - NEW	4.8	710000	Gloriaponsel	https://www.tokopedia.com/gloriaponsel-1/oppo-a31-6-128-garansi-1-tahun-new-putih?extParam=ivf%3Dfalse	data:image/png;base64,iVBORw0KGgoAAAANSUhEUgAAAHgAAAB4CAQAAACTbf5ZAAAAiklEQVR42u3PMQEAAAwCoNm/9Cr4Cw3IjYmwsLCwsLCwsLCwsLCwsLCwsLCwsLCwsLCwsLCwsLCwsLCwsLCwsLCwsLCwsLCwsLCwsLCwsLCwsLCwsLCwsLCwsLCwsLCwsLCwsLCwsLCwsLCwsLCwsLCwsLCwsLCwsLCwsLCwsLCwsLCwsLCwsHDrASUpAHnJhbktAAAAAElFTkSuQmCC	WELCOME TO GLORIAPONSEL ✨💜BIASAKAN MEMBACA DESKRIPSI SEBELUM MEMBELI , ORDER = SETUJU ❗❗• SEMUA PRODUK YANG ADA DI ETALASE READY , BARU DAN SEGEL • GARANSI BISA 1 TAHUN ++ • JIKA ADA KENDALA MASALAH APAPUN ATAU INGIN MELAKUKAN RETUR BISA CHAT DAHULU SEBELUM MEMBERIKAN ULASAN NEGATIF AKAN DI RESPON DENGAN BAIK• ADA KEKURANGAN BISA MINTA SAMA ADMIN DENGAN BAIK PASTI DIKASIH ^^• REVIEW NEGATIF ATAU BINTANG DI BAWAH 5  ( GARANSI HANGUS TANPA PENGECUALIAN )• DIBONGKAR ATAU DI SERVICE TEMPAT LAIN ( GARANSI HANGUS TANPA PENGECUALIAN )• HANYA MENERIMA RETUR ( BUKAN REFUND DANA )• REFUND HANYA AKAN KAMI SETUJUI JIKA ADA MASALAH TERTENTU DENGAN PERSETUJUAN KEDUA BELAH PIHAK KELENGKAPAN :• HANDPHONE - DUS HANDPHONE - CHARGER - HEADSET  • FREE ANTI GORES & JELLY CASE ( RANDOM ! TIDAK SEMUA CUSTOMER DAPET )• TIDAK ADA KARTU GARANSI ( KARNA GARANSI DISTRIBUTOR )SPESIFIKASI OPPO A31 6/128GB :• JARINGAN SELULER : GSM / CDMA / HSPA / EVDO / LTE• SIM CARD : 2 ( NANO )• DIMENSI : 163.9 x 75.5 x 8.3 MM• BERAT : 180G• JENIS LAYAR : IPS LCD CAPACITIVE TOUCHSCREEN • UKURAN : 6.5 INCH• RESOLUSI : 720 x 1600 PIXELS , 20:9 RATIO ( 269 PPI DENSITY )• PROTEKSI : CORNING GORILLA GLASS 3• CHIPSET : MEDIATEK MT6765V/CB HELIO P35 (12NM)• CPU : OCTA CORE ( 4 X 2.3 GHZ CORTEX - A53 & 4 X 1.8 GHZ )• GPU : POWERVR GE8320• MEMORI : 6 / 128GB• KAMERA UTAMA : 13 MP ( F/1.8 WIDE , PDAF 2MP , F/2.4 , 27MM , 1/5.0 , 2 MP , F/2.4 , 1/5.0 )• KAMERA SELFIE : 8 MP (FITUR F/2.0 )• VIDEO : 1080P@30FPS• BATRE : NON REMOVABLE ( LI-PO 4230 MAH )• FINGERPRINT GARANSI TIDAK BERLAKU APABILA : • BARANG SUDAH DI BONGKAR ( TIDAK BERSEGEL ) • SUDAH PERNAH DI SERVICE DI TEMPAT LAIN• HUMAN ERROR ( JATUH , TERBAKAR ATAU KENA AIR )• REVIEW NEGATIF ATAU BINTANG DI BAWAH 5  ( GARANSI HANGUS )WELCOME RESELLER & DROPSHIPPER ✨💜#OPPO #OPPOA31 #OPPOA31JAKARTA #A31 #OPPOA31BARU #HANDPHONE #HANDPHONEOPPO #HPOPPO
iPhone 11 | Pro | Pro Max 64gb 128gb 256gb 512gb Bekas Fullset Second	4.9	4600000	Big Berry Cellular	https://www.tokopedia.com/bigberry888/iphone-11-pro-pro-max-64gb-128gb-256gb-512gb-bekas-fullset-second-11-n-lcd-batre-128gb-380ee?extParam=ivf%3Dfalse	data:image/png;base64,iVBORw0KGgoAAAANSUhEUgAAAHgAAAB4CAQAAACTbf5ZAAAAiklEQVR42u3PMQEAAAwCoNm/9Cr4Cw3IjYmwsLCwsLCwsLCwsLCwsLCwsLCwsLCwsLCwsLCwsLCwsLCwsLCwsLCwsLCwsLCwsLCwsLCwsLCwsLCwsLCwsLCwsLCwsLCwsLCwsLCwsLCwsLCwsLCwsLCwsLCwsLCwsLCwsLCwsLCwsLCwsLCwsHDrASUpAHnJhbktAAAAAElFTkSuQmCC	Jaringan Bisa All Operator Indonesiafree premium tempered glass n caseWarna Bisa Tulis Note / Chat Admin Varian :- new ibox = garansi ibox 1 thn new segel- ibox = EX garansi ibox / digimap (imei resmi terdaftar kemenperin),- 64GB, 128GB, 256GB, 512GB = EX garansi inter NORMAL  (imei terdaftar di bea cukai / kemenperin),- tdk trdftr= EX garansi inter (imei tdk terdaftar).- 11 N.Lcd+Batery = EX garansi inter iP 11 Notif Lcd + Battery Notif /Massage (imei terdaftar di bea cukai)- 11 N.Lcd+Pixel = EX garansi inter iP 11 Notif Lcd + Pixel (imei terdaftar di bea cukai)- 11 Batery Notif = EX garansi inter iP 11 Batery Notif /Massage (imei terdaftar di bea cukai)- 11 PM Dot = EX garansi inter iP 11 Pro Max Dot Kecil (imei terdaftar di bea cukai)- 11 PM Pixel = EX garansi inter iP 11 Pro Max Pixel (imei terdaftar di bea cukai)- 11 PM Face ID = EX garansi inter iP 11 Pro Max No FACE ID  (imei terdaftar di bea cukai)khusus ulasan bintang 5 :- garansi personal 7 hari- garansi imei varian 64GB, 128GB, 256GB, 512GB DUAL= GARANSI imei lifetime seumur hidup (hanya dsini yg berani jamin imei permanen)- garansi imei varian tdk terdaftar = GARANSI imei 1 BULAN (uda pasti terblokir garansi pendek sesuai pasaran)BEST PRICE-SERVICE-QUALITYkondisi seken (bekas) ex garansi inter fullset aksesoris oem (charger , kabel data, headset , box ,manual)icloud amangaransi personal 3 haritidak menerima komplain fisik lecet ya BH 90% ++garansi void bila segel baut rusak / hilang / dilepas. tdk terima komplain apapun (baru sampai lgsng rusak jg ga diterima kalo segel baut uda lepas)ulasan bintang 1-4 segala pelayanan tambahan tidak berlakuno cancel alasan apapun
